Price,Close,High,Low,Open,Volume
Ticker,IIFL.NS,IIFL.NS,IIFL.NS,IIFL.NS,IIFL.NS
Date,,,,,
2019-01-01,255.28440856933594,257.8888320724254,253.03744504897372,257.8888320724254,72870
2019-01-02,254.8247833251953,257.3781329159154,252.83316053638367,256.3567986952107,39189
2019-01-03,259.1144104003906,260.44215890202935,253.44595644259314,255.25883518047178,89731
2019-01-04,255.89720153808594,259.67615234519036,252.7820969426227,258.9101586684241,45967
2019-01-07,252.42465209960938,259.75276447337467,249.3861438819178,257.88883986334815,439766
2019-01-08,246.06675720214844,254.82476417145318,244.63686132272238,254.82476417145318,87661
2019-01-09,246.34767150878906,250.63730387802224,243.13044723186417,246.19447837500798,61492
2019-01-10,243.00274658203125,250.61174975245953,242.5686900645489,246.1433738998702,72700
2019-01-11,243.0282745361328,246.654060256727,240.5259986064043,245.12204484414633,40047
2019-01-14,239.50466918945312,243.0282794393536,237.48752347760157,243.0282794393536,101954
2019-01-15,240.4749298095703,246.1433841446568,237.28325670595112,240.1174698345353,67913
2019-01-16,241.98141479492188,244.7390312760284,241.11327367328488,242.05801135301965,87377
2019-01-17,235.85336303710938,244.86671176598634,234.93416218476864,241.01113625041933,85721
2019-01-18,232.22760009765625,238.4322583585025,229.77638384052437,238.4322583585025,100458
2019-01-21,230.4402618408203,236.2619096743383,229.49552407004694,233.37662262572562,43717
2019-01-22,225.97189331054688,234.16816079818335,217.7245520880284,231.89567441408454,417483
2019-01-23,218.56715393066406,224.1845346782751,217.03515248591873,223.009993217824,100286
2019-01-24,229.0869598388672,234.39793979724695,218.49053678685445,218.49053678685445,541799
2019-01-25,224.49095153808594,234.90863167464607,219.58850474273086,227.24856820868848,414040
2019-01-28,219.435302734375,225.69102114461745,216.67768599896098,225.69102114461745,259372
2019-01-29,223.7760009765625,225.9974276397898,218.56715394715715,218.56715394715715,124857
2019-01-30,230.0061798095703,233.88727817240402,222.75466426561414,224.695213447031,149725
2019-01-31,219.48635864257812,228.5252299220887,217.18833552375114,225.30800597910616,179987
2019-02-01,214.0221710205078,224.36326802351414,212.00502535177858,218.08201326286104,181436
2019-02-04,195.0252227783203,214.83926254559404,190.09725321337683,212.97530990704095,469495
2019-02-05,193.90174865722656,197.70625037129008,162.34228129534281,197.1700463739361,384865
2019-02-06,196.75071716308594,200.33133523071294,190.79174304873303,199.67794008072784,223761
2019-02-07,197.743896484375,203.1017544181721,195.23485831832053,196.54164873042964,269862
2019-02-08,188.28269958496094,198.6324934026053,186.11342890013785,198.6324934026053,193019
2019-02-11,171.86940002441406,190.8178887548507,168.47172788547275,190.8178887548507,348663
2019-02-12,165.9626922607422,172.7580222672126,155.24699116487005,172.4966584465361,3895077
2019-02-14,197.796142578125,200.67108676158827,173.0193498428146,175.03181364526336,1210572
2019-02-15,198.81546020507812,204.17330332441463,187.1588613807134,193.50988122542668,557737
2019-02-18,187.57704162597656,201.3244930940828,183.49983528800297,199.6779356284196,168574
2019-02-19,193.4837646484375,197.84846029422334,184.2839385640665,187.1850225752677,248698
2019-02-20,192.3599090576172,195.78370617821594,188.1781740909488,193.4576141271145,389566
2019-02-21,190.32131958007812,194.2678299684641,188.727026122848,192.35990854508816,379502
2019-02-22,190.24288940429688,193.84964670507094,188.90995985751056,191.31446951473444,125844
2019-02-25,188.98838806152344,194.92122321312064,175.6329669713386,185.61685512630126,1005515
2019-02-26,178.53404235839844,187.0281943796532,177.67156183881676,185.564597170113,258311
2019-02-27,179.1090087890625,185.5645708831915,177.93290046261444,185.5645708831915,2488414
2019-02-28,171.89552307128906,182.37601370835088,162.09458122487067,180.3374104467924,292864
2019-03-01,180.44195556640625,182.50668374151442,170.64101358593493,171.8955254223998,234365
2019-03-05,191.39288330078125,197.58708226744167,177.3840670416687,182.42828244155805,552752
2019-03-06,188.70086669921875,197.56092405401776,185.93046507249514,193.40532879899376,1185955
2019-03-07,189.53724670410156,192.72581931950504,187.367961408859,189.22361873096554,1103367
2019-03-08,190.3474578857422,192.35992210637792,187.26342777936554,191.41903814160855,259464
2019-03-11,197.56094360351562,201.03701920021487,191.54970504135153,192.25536436705974,544120
2019-03-12,209.8448028564453,212.19703418322783,199.547272153997,199.547272153997,1146760
2019-03-13,211.4129638671875,215.43787782753986,205.06194339184813,211.1777392899388,1011879
2019-03-14,217.37193298339844,219.5412038974309,213.79131464227885,214.81061632735575,702187
2019-03-15,229.2898712158203,237.3135736605205,220.5866343467255,220.5866343467255,1078792
2019-03-18,234.75225830078125,242.74983541047155,229.47280436575707,229.99553196752314,475846
2019-03-19,236.5556182861328,240.31918222649003,234.28180499180667,237.8362836432688,379828
2019-03-20,232.11253356933594,237.54879450944173,223.27861493046046,237.3135699531242,848434
2019-03-22,229.629638671875,232.47844391014206,227.042182879336,230.51825840162334,274998
2019-03-25,222.02410888671875,225.29108476454422,194.58145403248818,225.29108476454422,369602
2019-03-26,227.0160369873047,229.4727962744615,219.5934518792062,221.10932738258182,497943
2019-03-27,224.7683868408203,231.5375779910841,222.3116127657265,228.4274086958244,670276
2019-03-28,224.61154174804688,227.90467112597923,222.72975969070993,227.38194350940748,457782
2019-04-01,228.03536987304688,231.04099659924452,224.01045576928811,228.29673371710774,255203
2019-04-02,244.082763671875,248.29065211556758,227.2512673776007,228.0353444522508,424012
2019-04-03,235.17044067382812,248.1338156890894,234.1772782988636,244.63161530635236,276622
2019-04-04,234.0204620361328,240.13625757638135,227.06832526582428,233.13184229413196,519026
2019-04-05,236.5294952392578,240.44988059996876,233.7591077865124,234.69999165100867,161465
2019-04-08,238.2021942138672,242.54076459082754,232.6352656319009,238.7249218468257,214073
2019-04-09,239.4567108154297,245.3634207441047,236.16359583640113,237.8362925805403,165437
2019-04-10,237.1044921875,242.54076767050216,234.69999677780615,240.99873837784335,124186
2019-04-11,234.41250610351562,239.3783180471037,234.17728154169774,235.2227080718615,134777
2019-04-12,235.17044067382812,237.81016058859248,233.68068992631936,235.19657992925127,109108
2019-04-15,233.34091186523438,237.31356118035404,230.54438528822465,235.17042973779505,67976
2019-04-16,234.64772033691406,242.95892555144252,233.02728773130016,234.9613482821583,208742
2019-04-18,236.66018676757812,242.04416946972137,233.60229612099369,237.70562769631078,444571
2019-04-22,235.14430236816406,236.76472065908567,232.63526435025742,235.22270576462626,185978
2019-04-23,234.8829345703125,237.52266882110195,232.6091211504726,235.7454293972678,129314
2019-04-24,234.36021423339844,235.48405846685836,232.63525337188906,234.69998142886593,112827
2019-04-25,226.7546844482422,235.22269640298572,225.81378624764656,234.6738439093461,210879
2019-04-26,230.10009765625,232.0864225055282,224.01044119488736,228.42740077736448,99922
2019-04-30,225.7353973388672,231.56368984722164,215.43786683115675,229.99555002914653,258448
2019-05-02,224.7945098876953,228.00922161155185,219.72415529757993,225.50016920212173,184938
2019-05-03,221.78887939453125,224.76836650212687,220.19458600470975,224.19337473677533,36000
2019-05-06,220.7695770263672,224.74222648977891,217.55486537240589,220.1945852629526,62216
2019-05-07,219.9071044921875,223.2002196602653,217.5548732135072,222.15479311649028,45942
2019-05-08,218.88780212402344,221.16162999707205,215.69922962067147,217.63327590544057,103757
2019-05-09,215.72537231445312,223.5399897163073,213.52996217454088,217.42419406217715,66439
2019-05-10,212.51065063476562,221.63205799438305,211.7004343130916,214.39243272017472,47695
2019-05-13,211.30841064453125,213.8435879824148,209.58343528764314,211.70044200693235,73268
2019-05-14,228.95008850097656,231.56366899925553,210.21068643846056,213.79128999668796,298746
2019-05-15,224.08883666992188,234.59545234218905,203.33696914320046,228.95010596439815,655699
2019-05-16,232.34776306152344,234.1772810405812,224.40246396878464,225.29108370258433,236338
2019-05-17,227.2251434326172,233.86365215403853,223.3831614398937,232.6091259553815,223770
2019-05-20,230.57052612304688,236.2681510581785,227.06832566089096,236.2681510581785,295179
2019-05-21,225.4217529296875,233.00114512620053,223.3570248755935,232.60911379281333,301964
2019-05-22,221.86727905273438,225.8137892077758,220.19458229540012,225.4217578658042,155310
2019-05-23,222.88658142089844,224.76836348305784,220.76957480470364,222.15478287399563,197775
2019-05-24,221.63204956054688,224.6638150600521,219.30595770501333,222.75589379200247,297542
2019-05-27,219.3321075439453,229.44669174503892,216.4048989201711,227.35582433659334,225251
2019-05-28,217.29351806640625,221.97182687487802,215.88217071412112,219.6457349133003,1116069
2019-05-29,218.20826721191406,233.81137684662056,213.6867651018407,217.18897992979507,849295
2019-05-30,187.88121032714844,197.72260418454567,187.88121032714844,197.72260418454567,37995
2019-05-31,178.51071166992188,178.51071166992188,178.51071166992188,178.51071166992188,6914
2019-06-03,169.61106872558594,169.61106872558594,169.61106872558594,169.61106872558594,4210
2019-06-04,161.13522338867188,161.13522338867188,161.13522338867188,161.13522338867188,8844
2019-06-06,153.08316040039062,153.08316040039062,153.08316040039062,153.08316040039062,18308
2019-06-07,160.57015991210938,160.71141823436355,145.4549015155663,145.4549015155663,276019
2019-06-10,159.1104278564453,162.54786217941492,152.65937728642922,162.54786217941492,251233
2019-06-11,151.1996307373047,163.86630487829797,151.1996307373047,153.50694077679637,31099
2019-06-12,143.66555786132812,155.3904724543104,143.66555786132812,151.1996413742644,304910
2019-06-13,149.5515594482422,150.82292740913513,136.5081717193809,136.55526261499702,103241
2019-06-14,154.73126220703125,160.38182554238145,146.20832630218624,150.68168894267183,143874
2019-06-17,151.1996307373047,159.15750301397907,146.9146181667499,154.91958133609205,47720
2019-06-18,145.26654052734375,154.91958454942008,143.80680904510268,152.56518356842585,150771
2019-06-19,138.90966796875,154.82541400830624,137.4028454834122,145.97287142478814,88949
2019-06-20,141.3111572265625,146.39665786640833,133.4003608899842,138.90966522492045,88744
2019-06-21,140.79318237304688,145.78451545828997,137.6853701222258,142.91214331177167,183735
2019-06-24,138.15625,144.70148200991852,137.5912023731006,140.3693927231957,25962
2019-06-25,135.7076873779297,141.21697742021883,133.68289377664465,139.38054740612245,66879
2019-06-26,134.48338317871094,136.36690391126956,131.65810207987298,133.91832121089422,188526
2019-06-27,135.8489532470703,139.33346425182634,134.10669055962984,136.5552736279043,41413
2019-06-28,133.96542358398438,137.07323593306822,131.8464625782623,135.61350436621265,43806
2019-07-01,133.87124633789062,138.15625939124038,132.27025639766228,138.15625939124038,35596
2019-07-02,135.23680114746094,136.1314706663989,130.38672639511546,133.40035684475453,32096
2019-07-03,137.73245239257812,139.80432230668126,133.25909069093882,133.25909069093882,27675
2019-07-04,149.69281005859375,158.92206468939509,136.60234647815355,139.28635494861172,361938
2019-07-05,146.06704711914062,151.6234278578058,143.335933274783,147.85638617189758,132113
2019-07-08,138.43878173828125,145.0311046781994,136.55526089830462,145.0311046781994,48088
2019-07-09,136.74362182617188,141.0286349783366,130.15129832134144,137.02615285040386,43072
2019-07-10,137.21449279785156,139.5218029944932,135.89603393409172,136.74361257934822,25668
2019-07-11,136.0372772216797,138.95674000189672,134.4833784203488,138.43876894474565,37866
2019-07-12,136.41400146484375,138.34459881389117,133.82416033111102,138.34459881389117,30945
2019-07-15,131.0459747314453,139.38056134362444,130.71636716115398,139.38056134362444,38101
2019-07-16,127.65560913085938,136.5081500358115,127.1376381016063,136.5081500358115,26327
2019-07-17,130.8105010986328,134.29502573607462,124.68905909356852,127.27889994186495,68037
2019-07-18,123.22936248779297,134.43630626364808,120.96912875165357,131.84646498711544,53209
2019-07-19,124.500732421875,135.5193271496809,122.6172114642971,126.14881325975568,103828
2019-07-22,123.55896759033203,131.4226730592458,122.42885792962186,122.94682904873352,59970
2019-07-23,121.06331634521484,126.66678850155608,119.03852981319605,123.93568877262084,50629
2019-07-24,122.28759002685547,124.31236907818587,118.19092666145701,118.19092666145701,327750
2019-07-25,123.41771697998047,124.31238658516692,119.6035840630015,121.48710507186766,42258
2019-07-26,124.12403106689453,126.52552310550068,121.62835723456887,122.85264870230182,308535
2019-07-29,120.30989837646484,126.3371595529504,119.27396331082277,124.12403110117212,330178
2019-07-30,114.94186401367188,122.33467480942821,113.0112522470926,122.1463255963745,50420
2019-07-31,111.1748275756836,115.22439333001796,108.77333547684522,114.00010901664061,63951
2019-08-01,110.04470825195312,113.15252064222602,108.34954373594599,111.17482511435331,41448
2019-08-02,103.64073944091797,109.24421119272702,102.65188810351074,109.24421119272702,83076
2019-08-05,99.07320404052734,106.8898192471644,93.04594244776814,106.8898192471644,70165
2019-08-06,108.25535583496094,110.18596754198623,97.75473305229964,97.94308225954332,52583
2019-08-07,109.24421691894531,115.55400933248015,108.34954732682371,108.39663104032033,119359
2019-08-08,109.9034423828125,111.45734857281363,108.11410326378427,111.45734857281363,23127
2019-08-09,116.07198333740234,117.2491839797695,111.26900615355682,112.68164692439741,78887
2019-08-13,106.65437316894531,119.4152304044643,105.4300816845926,116.77829821588713,91035
2019-08-14,106.84272003173828,108.1141023855418,103.59364935772534,107.92574598476327,51163
2019-08-16,105.90095520019531,109.47964763119676,103.59364507037972,108.30244711903335,62551
2019-08-19,105.85386657714844,106.88980154275315,104.58249152003985,105.47716099372998,46860
2019-08-20,105.6184310913086,108.30244681448123,102.41644427021595,106.88980620385756,35213
2019-08-21,107.12525177001953,109.1500381855422,100.29748847039191,106.88981165623926,72617
2019-08-22,106.60726928710938,110.18596150929918,104.53539938061716,104.53539938061716,49915
2019-08-23,107.83157348632812,109.15003957732186,103.7820006036464,106.41893278563387,70877
2019-08-26,109.3854751586914,115.08312143754803,107.73739440954859,111.64570162309964,98621
2019-08-27,114.04718780517578,117.10790923405366,108.63206527716106,111.88114310500706,212408
2019-08-28,114.89476776123047,121.48709050162894,113.15251247399462,115.22438246123808,135353
2019-08-29,113.15252685546875,116.68412877239933,109.24421929705305,114.894782364142,73880
2019-08-30,111.31608581542969,114.28263276320172,110.2801507248753,113.15252306169916,34227
2019-09-03,109.33839416503906,110.98647506343346,108.01992800931103,109.4796596790568,39900
2019-09-04,114.23554229736328,116.26032146077448,108.4437142531495,108.4437142531495,229047
2019-09-05,114.23554229736328,115.83653214402837,112.30493055427141,114.89477172009317,33054
2019-09-06,111.36317443847656,119.41522924864495,110.32723936908455,112.68164052000371,393733
2019-09-09,108.49079895019531,113.01125190022924,105.9480486564649,113.01125190022924,64007
2019-09-11,107.07816314697266,112.49328587890524,105.7126133320754,108.39662924915129,226743
2019-09-12,107.92574310302734,115.17730267548072,106.70145886343572,109.24420913302448,181238
2019-09-13,109.99761199951172,112.44618747796407,107.78446942402353,108.7262297761253,42239
2019-09-16,109.3854751586914,110.93938130203844,107.45486340709937,109.99762087395683,74434
2019-09-17,106.60726928710938,110.37431070623072,105.00627955800734,110.13887061753563,111500
2019-09-18,107.36068725585938,110.13887760468366,106.65436694496556,107.83156746312191,46799
2019-09-19,100.86254119873047,110.75102577086213,99.21446043670853,109.24421051116873,143806
2019-09-20,109.52674102783203,111.12773088692397,95.30615276798123,102.84023621794218,1122991
2019-09-23,115.08312225341797,117.34334873384985,110.93938208853176,111.97531712975331,178088
2019-09-24,110.8451919555664,117.7200454859717,110.1859625748695,114.89476439430838,156679
2019-09-25,109.10294342041016,110.3272348426839,106.9368987614682,110.18596934241204,84285
2019-09-26,107.73739624023438,110.18597195784066,105.14755501900308,108.30245106967244,66831
2019-09-27,110.18597412109375,111.73988032135236,106.41893227079994,111.5515239178004,221285
2019-09-30,117.39044189453125,120.54533797482881,106.0422255627198,110.3743222091778,167868
2019-10-01,119.8861083984375,122.05216031178793,110.13888197342266,121.29874907625855,143164
2019-10-03,119.74484252929688,122.42885837197782,115.08312399563435,118.66181657591697,365284
2019-10-04,116.96663665771484,126.94930246241815,113.19959512690198,119.41521940079241,118320
2019-10-07,110.18597412109375,118.6618182842548,108.77333342723357,118.6618182842548,67474
2019-10-09,109.10294342041016,111.73987547527892,105.33590173349009,111.26899526441392,65555
2019-10-10,106.04222869873047,111.7398824814698,104.20579863523585,109.19712487232849,69662
2019-10-11,106.27766418457031,110.84520088016471,104.95919813196008,106.51310429449849,46631
2019-10-14,103.35820770263672,107.1252494412294,101.71012694200243,106.93690022832453,57089
2019-10-15,99.02610778808594,106.3718346186407,95.96538647908937,103.35820420380722,141892
2019-10-16,100.20331573486328,101.7101310542095,98.88484963603702,99.49699538032016,142537
2019-10-17,103.9703598022461,106.23058642111147,99.6382629740405,99.8266121985033,106151
2019-10-18,109.5738296508789,116.2132438628465,104.72376177551116,107.31360307754555,163431
2019-10-22,110.2330551147461,114.75350061793785,108.16117797218774,109.52673483127286,465915
2019-10-23,111.08063507080078,112.25783555771075,109.76217627351086,111.08063507080078,76234
2019-10-24,111.12773132324219,111.78696075367733,108.82042113165727,108.82042113165727,100936
2019-10-25,111.1748275756836,114.00010901664061,110.65685643748324,112.5874682961621,111657
2019-10-27,111.78695678710938,113.10542278625809,108.34953706958888,111.22190198320612,16871
2019-10-29,111.08063507080078,112.44619194665329,108.77332499048185,108.77332499048185,97973
2019-10-30,105.9951400756836,112.3991067372922,104.44123391736746,112.3991067372922,224128
2019-10-31,107.36068725585938,109.05585887602922,104.9591953247957,106.41892684133428,755849
2019-11-01,111.12773132324219,113.10542679960955,107.40778047924317,107.50195508572506,167386
2019-11-04,110.3272476196289,112.02241226402205,108.77334130680488,110.28015671906411,80799
2019-11-05,112.91707611083984,113.95301113872499,109.57382373646409,111.08063897566628,1802380
2019-11-06,113.52922058105469,114.89477030491629,111.55151796710099,114.0471844968021,99718
2019-11-07,120.96912384033203,125.2541366524675,113.95301154096667,114.89477196692508,354722
2019-11-08,128.8799285888672,137.49703130989644,119.83902215194742,120.45116790643546,355742
2019-11-11,127.6085433959961,133.54163721758388,126.24299359161363,130.7163558139825,152187
2019-11-13,132.5527801513672,138.25043361093915,127.18474858942183,127.60853790771051,268395
2019-11-14,135.51930236816406,141.26404598632328,128.31484177091033,133.25908338043163,332557
2019-11-15,145.73741149902344,148.98648177311938,135.5193061402191,136.4610664730076,755534
2019-11-18,146.01995849609375,149.97534945381804,141.4995055286415,147.6209483634912,224010
2019-11-19,147.62094116210938,149.03358174739273,139.38053774795654,145.0311000890899,296563
2019-11-20,143.7597198486328,149.2690239572494,143.1475813343969,149.2690239572494,68195
2019-11-21,136.6023712158203,143.1476041913331,135.23682128670444,143.1476041913331,131151
2019-11-22,136.69651794433594,139.85142107006007,131.18722816061978,135.7076810086262,112836
2019-11-25,129.91583251953125,138.06206786254867,113.48211790448318,137.63826422489907,866411
2019-11-26,143.00633239746094,153.50695583703674,129.9629442055894,130.85761377355954,1769905
2019-11-27,143.0533905029297,145.7845041225531,137.6382685250289,145.7845041225531,391158
2019-11-28,160.7584991455078,168.4809316350459,143.1475823489686,143.1475823489686,2818670
2019-11-29,158.7337188720703,165.2789508018808,157.1327290602648,159.5342065929114,529037
2019-12-02,160.0522003173828,164.52556286612767,156.42643087363325,156.42643087363325,245177
2019-12-03,147.80931091308594,162.40659899018198,146.44376103151166,162.40659899018198,172356
2019-12-04,148.7981414794922,157.83904696300425,142.30000054267754,147.3855008958261,355605
2019-12-05,148.70396423339844,154.44870853044617,147.05588350212844,148.23308402446415,241485
2019-12-06,143.10049438476562,152.282658572151,141.54659542418068,150.21078850132983,180083
2019-12-09,139.89849853515625,149.26901085351327,139.0979965143914,143.14756876803796,143017
2019-12-10,130.29257202148438,143.52429566193487,129.02118958771604,140.7931959369602,254930
2019-12-11,129.58624267578125,136.5552642043684,127.27891809484966,132.69404064088496,203484
2019-12-12,140.22813415527344,142.95924825565356,130.81052905766944,130.81052905766944,548468
2019-12-13,142.86505126953125,145.97286349539334,139.5688898357643,143.00632395305246,239895
2019-12-16,142.39418029785156,144.93693069475304,140.3223101363068,142.5825295179694,181532
2019-12-17,146.25538635253906,147.85637608581317,142.20581394240628,142.62960322913727,190320
2019-12-18,144.41897583007812,149.12777824553388,142.11165115040515,147.76221404895207,112323
2019-12-19,140.03977966308594,145.97287352556947,139.38055020505988,143.28885042559793,87001
2019-12-20,132.1289825439453,141.16987345737581,130.38672011457507,141.0286151501827,2182153
2019-12-23,132.74111938476562,134.01250161418656,130.57506769062604,132.78821027661874,139140
2019-12-24,129.63333129882812,134.4363157533009,127.32602087270897,131.94065609507257,123588
2019-12-26,134.10667419433594,135.04843458718977,129.96293421382836,129.96293421382836,177162
2019-12-27,132.74111938476562,136.83778268390185,131.8935408119001,135.5664004544809,283596
2019-12-30,131.61102294921875,133.87124228222905,129.63332025524167,132.7411326157239,145960
2019-12-31,131.8935546875,132.7882242463406,129.02118242374937,131.79937289388556,356424
2020-01-01,132.64697265625,134.62466109137932,130.90470997685344,131.94065227867705,118369
2020-01-02,134.48338317871094,138.90965402619918,132.83530253772213,133.6828811193244,217802
2020-01-03,136.55526733398438,144.56023128114896,134.9542774185763,141.2640696558459,623981
2020-01-06,134.0596160888672,138.6271459996545,132.31735337467373,137.261596116432,301035
2020-01-07,146.302490234375,155.249214422467,134.67174304180585,136.36691470936384,1704441
2020-01-08,142.48837280273438,150.11662456679622,140.51066991753754,141.26408122476136,544649
2020-01-09,147.7151336669922,154.35453340346245,145.03111061215904,145.97287107067956,688140
2020-01-10,142.86505126953125,154.82540559803235,140.88736303134516,149.45737413706516,424163
2020-01-13,139.3334503173828,145.03110369365837,138.48587169319654,144.0893432800632,184863
2020-01-14,140.65191650390625,143.14757572742073,137.02613334434025,140.2752037351815,253175
2020-01-15,138.532958984375,141.73493855925918,137.49701680831788,140.3222979756121,195211
2020-01-16,138.3446044921875,140.27521629059956,137.02614560894827,139.33345583967895,173961
2020-01-17,140.1339569091797,141.3111574639105,137.77955579971808,138.90966545823485,286170
2020-01-20,152.70645141601562,155.20212523380252,141.45241689805414,142.1116463398779,1386784
2020-01-21,161.55902099609375,164.71391013390746,149.7399235290523,151.3409135481052,1756497
2020-01-22,156.0026092529297,165.09060601119134,153.4127680742234,163.58378357734912,427373
2020-01-23,161.37063598632812,168.38674747048978,155.5788014175644,157.2739728613519,1268630
2020-01-24,159.62838745117188,162.40657775107616,157.60360834364585,161.5119082470559,333874
2020-01-27,159.76966857910156,164.5255621419101,156.75603774934305,158.96918074860923,353136
2020-01-28,154.4958038330078,163.5837863766631,152.56519204727368,161.88861470211305,225702
2020-01-29,160.6643524169922,161.9828114130014,155.7671861572431,156.33224822417577,792314
2020-01-30,160.0050811767578,160.57014314702522,154.9195809248425,160.2876121618915,305020
2020-01-31,157.88613891601562,162.92456323819457,155.10794837066092,161.98280275704894,147659
2020-02-03,147.99765014648438,150.25788386653457,140.1339589485184,145.03111045344093,210734
2020-02-04,152.42393493652344,154.07201572787238,147.8563909953067,147.8563909953067,196128
2020-02-05,153.60113525390625,155.1079433529193,152.14140368132794,153.9307427895697,91919
2020-02-06,161.60609436035156,164.33719383943307,152.84771955104472,153.27150886743686,428932
2020-02-07,173.613525390625,176.5800647300407,162.45365955163746,163.39541989686433,1279366
2020-02-10,172.53050231933594,176.10919471156348,171.87127291369163,174.22567391250934,331575
2020-02-11,177.9927215576172,180.4883809531004,172.5775990763669,172.5775990763669,421995
2020-02-12,185.055908203125,186.46854872375954,176.72132338333222,181.75974698831106,606055
2020-02-13,197.3459014892578,199.46486246222022,183.69037521905557,185.05592497205103,1045277
2020-02-14,196.45123291015625,200.5007912932377,189.34093873664008,197.34590245129928,982934
2020-02-17,189.95309448242188,197.5342695613026,184.67924417937996,197.5342695613026,428263
2020-02-18,181.9481201171875,191.17737560670867,174.31986892441316,188.1637449736327,493627
2020-02-19,183.87872314453125,188.11664506079447,181.0063509717059,181.0063509717059,217923
2020-02-20,177.00387573242188,186.3743894433087,176.10920616869134,186.3743894433087,506312
2020-02-24,173.9431610107422,185.2442869805159,172.48342936562148,176.10921302897378,411749
2020-02-25,172.15380859375,180.3000305233571,170.92951716701387,177.4276583525864,353872
2020-02-26,169.94065856933594,172.81303061710537,169.51686927018508,171.73001192259508,241288
2020-02-27,162.50076293945312,170.9295158033918,161.5119116268964,169.94066449083508,349068
2020-02-28,153.41278076171875,159.4400566254298,149.73992053439673,155.1079525474539,438719
2020-03-02,152.65939331054688,164.47847690333785,150.6816903763075,160.09929602482674,252940
2020-03-03,157.5565185546875,159.62838857066558,153.97782614338536,157.17980577079481,320545
2020-03-04,148.28018188476562,158.21575763402222,143.9010014840165,158.21575763402222,278133
2020-03-05,150.728759765625,153.9778303766113,147.29132557245208,151.15254908529735,223166
2020-03-06,143.28884887695312,153.27151554531193,137.12032933267287,140.3223091628355,339067
2020-03-09,136.36692810058594,142.1587496325313,132.3173549332307,141.2640799998904,317335
2020-03-11,133.82415771484375,141.21696818453154,131.3755749427715,136.3669079042276,376443
2020-03-12,116.91956329345703,129.8687625161767,113.01125592245955,119.41522996542378,503286
2020-03-13,110.93938446044922,121.01621845378213,93.56389975663159,99.82660821868409,677854
2020-03-16,104.06452941894531,118.42637623920699,101.71012830086963,110.93938355775111,270736
2020-03-17,103.4052963256836,108.34953849891865,100.8625388969828,104.53540594839833,577215
2020-03-18,94.55274963378906,109.24421106400492,93.23428358048696,101.71012754234941,602576
2020-03-19,87.55914306640625,93.86494486451554,86.21134460585071,91.98764890520552,555227
2020-03-20,86.64456939697266,93.86495018005371,82.36047973699169,88.28118610315724,523204
2020-03-23,77.9801025390625,86.64455837673611,77.9801025390625,78.94281985435957,85568
2020-03-24,71.33736419677734,85.10422717552012,70.18210615231636,71.24109391723084,274900
2020-03-25,72.01126098632812,75.09195357982804,64.5502014960247,64.5502014960247,326453
2020-03-26,72.78143310546875,75.57331500125693,69.07497262853738,75.57331500125693,783155
2020-03-27,73.45533752441406,76.39162106618059,71.43362519194626,75.09195409884455,464598
2020-03-30,74.61058807373047,74.85126739009735,70.23022157787345,71.24107764459426,392169
2020-03-31,71.43362426757812,77.98010517048819,71.04854320442499,77.98010517048819,274517
2020-04-01,74.65873718261719,74.99568680306122,71.24108748037558,71.43362802207193,229737
2020-04-03,78.36518859863281,78.36518859863281,73.1665137819761,76.9211126687254,93944
2020-04-07,82.26419830322266,82.26419830322266,82.11979657021689,82.26419830322266,34537
2020-04-08,81.20520782470703,86.35574423030234,80.33876073195488,86.35574423030234,84778
2020-04-09,85.00794219970703,85.24862152944011,81.44588371268716,85.0560736586835,327492
2020-04-13,81.25334930419922,86.25947680156354,80.771990608493,86.25947680156354,132480
2020-04-15,81.68656921386719,84.52658992625227,79.03909638678577,84.52658992625227,357886
2020-04-16,80.67572021484375,81.83097814478988,79.13536651498119,79.13536651498119,284873
2020-04-17,82.26419830322266,84.62286032331131,81.349619717749,81.83097841430373,253935
2020-04-20,80.91639709472656,83.03437235002227,80.57944014256312,83.03437235002227,236004
2020-04-21,77.73942565917969,80.77198676688701,76.87297857912753,80.77198676688701,135893
2020-04-22,75.81399536132812,79.32791534547827,74.75500768876324,79.32791534547827,115639
2020-04-23,74.65873718261719,77.06553067857583,73.69601978423373,77.0173918706763,140648
2020-04-24,72.05939483642578,76.00653464802622,71.33735679729337,75.57331476252706,113346
2020-04-27,71.67430877685547,75.62145606357285,71.24108887706991,75.52517844588628,100716
2020-04-28,71.72244262695312,75.09195335439388,71.24108395160445,72.20380130230181,116161
2020-04-29,75.23635864257812,75.28449010072232,70.27836306681934,71.24108036910454,220281
2020-04-30,74.27365112304688,77.16180341030767,72.58889562214475,77.01739432695442,288781
2020-05-04,71.72244262695312,76.05467070509124,70.75972527625576,72.20380130230181,151370
2020-05-05,70.27836608886719,73.69601559692241,70.08582555811074,72.20380077623341,62013
2020-05-06,69.6044692993164,72.25194208622753,67.87157508263066,72.25194208622753,87468
2020-05-07,68.83429718017578,71.19295197773978,66.90886229401701,69.60447407261977,45643
2020-05-08,66.76445007324219,70.13396096578455,66.13868229563701,69.31565264658586,71463
2020-05-11,64.50205993652344,68.25665892420663,64.06884008388508,66.76444415187414,91604
2020-05-12,63.00984573364258,65.84986623811139,61.42136435717079,65.84986623811139,113142
2020-05-13,66.04241180419922,66.13868207467435,64.02070674441828,65.46478283639765,143756
2020-05-14,67.05326080322266,68.97869538568447,66.0424047094502,67.05326080322266,180874
2020-05-15,67.58275604248047,69.0268320890715,66.42749814318788,69.0268320890715,71486
2020-05-18,65.46478271484375,69.02683413046522,64.5020653219784,69.02683413046522,103035
2020-05-19,65.17596435546875,68.01598506252304,64.26138577308309,65.51292131788,52427
2020-05-20,64.45392608642578,65.46478228020335,64.02070620049298,65.46478228020335,20543
2020-05-21,62.913578033447266,67.19767469421785,62.432219353244996,64.2132450010033,103055
2020-05-22,61.80644989013672,63.443073764518125,61.6139093613626,62.913576292963775,122867
2020-05-26,61.75831985473633,63.3468049610839,61.32509631005288,62.43221906593807,133153
2020-05-27,63.00984573364258,64.839010112886,59.83288298069899,62.14340602053541,191694
2020-05-28,61.46950149536133,64.02070394877636,59.88102006703474,63.7318858050122,326465
2020-05-29,60.603057861328125,62.576627692520255,59.832884716530614,62.576627692520255,642455
2020-06-01,59.78474807739258,62.57662995998192,58.340672001392996,62.57662995998192,1034295
2020-06-02,58.91830062866211,60.60305593609336,58.77389156189224,60.60305593609336,993863
2020-06-03,59.881019592285156,60.410513397529414,55.98201507960898,59.64034025604002,2725992
2020-06-04,62.865440368652344,62.865440368652344,60.16982908755016,60.65118772025056,4406372
2020-06-05,68.68988800048828,69.12311525625037,60.795607916047956,62.09527499343187,4024594
2020-06-08,68.0641098022461,73.45533252891713,66.95699078922085,71.62616819986445,1822541
2020-06-09,65.8017349243164,69.31565501562659,64.98342657714993,68.40107639437306,985391
2020-06-10,65.12782287597656,66.42748968340099,64.45391639975487,66.42748968340099,520854
2020-06-11,65.03156280517578,67.29394720869354,63.00985040484637,65.27224215331492,652116
2020-06-12,65.17596435546875,66.23495936027419,60.31424594365166,60.651195561112125,716948
2020-06-15,63.92443084716797,65.94613572899381,63.29866312673493,65.17595894308387,467832
2020-06-16,64.50205993652344,65.89799710164722,63.539342624038014,65.56104751126736,607667
2020-06-17,64.64646911621094,66.90885333554507,63.82816086814755,64.79087818232806,1161967
2020-06-18,66.0905532836914,66.42750291645129,64.55020685896682,64.98342676609366,570317
2020-06-19,69.65259552001953,72.68515649855178,65.70545604008157,66.62003454148727,1941911
2020-06-22,70.03768920898438,72.20380330823131,69.7970098646236,69.7970098646236,988742
2020-06-23,70.230224609375,71.62616911152898,69.12310558225825,70.95226258964253,714686
2020-06-24,72.20380401611328,75.28449671615381,70.37463951204826,70.95226847518701,3014746
2020-06-25,79.42417907714844,79.42417907714844,69.94141492298805,71.86684956728256,4296093
2020-06-26,76.43975830078125,83.46759047910163,74.65873268993741,80.86825659786471,3052063
2020-06-29,71.67430877685547,75.95840569062284,71.28922768591319,75.95840569062284,987780
2020-06-30,71.0966796875,74.9475493506816,70.42278043442361,72.97398305527162,674617
2020-07-01,72.25193786621094,73.64787504343316,70.23022561650941,71.77057920579634,634419
2020-07-02,73.02210998535156,74.17737521954943,72.68516037973363,72.92583971873937,433085
2020-07-03,71.43362426757812,74.08109697398359,71.24108373600156,74.08109697398359,420408
2020-07-06,70.42277526855469,72.05939181737232,68.97869925079192,72.05939181737232,745675
2020-07-07,74.65873718261719,75.95840420144468,69.84515019069991,69.84515019069991,808856
2020-07-08,74.85127258300781,77.88383364860849,72.49261805695748,75.09195191607215,1924072
2020-07-09,75.23635864257812,76.87297511848291,74.12923227596013,75.42889916505511,1002361
2020-07-10,73.50346374511719,75.91025697413183,73.16651416204515,75.09194874525686,613551
2020-07-13,72.34822082519531,74.22551699226592,71.43363480294302,73.7922970598501,439214
2020-07-14,70.08583068847656,72.20380606163754,69.7007422538243,72.20380606163754,445827
2020-07-15,71.0966796875,74.1292410162457,70.37464162565345,70.37464162565345,1379025
2020-07-16,69.2193832397461,71.67430822798315,67.87157739691642,71.09667925104212,614674
2020-07-17,69.98954010009766,71.00039613560132,69.02682286436068,69.41191122764539,377616
2020-07-20,69.50818634033203,71.14481016244243,69.17123675326376,70.61531270779933,466624
2020-07-21,70.08583068847656,70.7597299404048,69.55633317271084,70.18210096090188,468678
2020-07-22,74.27365112304688,76.15094717178596,68.68988709636224,69.46006397761222,3097853
2020-07-23,72.3963394165039,75.14008965031356,71.96311956113935,74.32177405359124,785165
2020-07-24,70.9522705078125,71.72244737736187,69.98955309335126,71.24108867013126,390595
2020-07-27,68.59361267089844,71.09667636603933,68.35293332819353,70.37463833792462,377599
2020-07-28,67.77529907226562,69.31564527607733,66.81258177676455,68.59360730445152,480424
2020-07-29,68.54547119140625,70.6153149269438,67.39021332945292,67.77530173175414,344878
2020-07-30,66.42749786376953,69.60446809088656,65.94613918359728,69.60446809088656,402432
2020-07-31,64.83901977539062,67.00513407085992,64.30952957680228,65.94614632873187,398371
2020-08-03,64.26138305664062,66.42749709225772,63.25052690203912,66.42749709225772,315929
2020-08-04,65.7054672241211,67.39022279397035,63.82817109855533,63.82817109855533,547615
2020-08-05,66.33122253417969,67.19766956135068,65.56104576670546,66.09054321246273,324979
2020-08-06,67.48648834228516,70.37464054533545,66.33123039904538,66.42750067015689,641215
2020-08-07,66.37935638427734,68.35292983147613,65.84986626438395,68.16038930514222,456027
2020-08-10,65.99427795410156,67.96784413477599,65.65732100220177,66.90885650795671,509679
2020-08-11,66.138671875,67.87156585611471,65.84986110811401,66.42748998683568,756428
2020-08-12,67.82344055175781,68.8342967993795,65.56105604202718,66.4275032049956,656985
2020-08-13,68.9305648803711,70.47091126276328,68.35293590509289,68.83429460864988,558974
2020-08-14,68.83429718017578,70.75973206633455,67.8715797370964,70.27837334479486,604284
2020-08-17,69.84515380859375,70.61532336022384,69.17124718784729,69.98955554987042,599240
2020-08-18,76.92112731933594,79.47233008373819,70.27837530757488,70.66346376455188,4355654
2020-08-19,76.63229370117188,78.46145799457527,74.70685914915776,77.4024704599575,1678200
2020-08-20,74.56245422363281,75.9583987582252,74.22550462733477,75.9583987582252,727918
2020-08-21,73.31092834472656,75.95840108153911,72.87770112627781,75.28449452338012,609449
2020-08-24,76.00653076171875,77.64315464037344,72.58888862487731,73.84041675507756,1476232
2020-08-25,75.86212921142578,77.98010441813572,74.46618466363707,76.05466974114472,928871
2020-08-26,87.55914306640625,88.9550876790541,75.4289055067513,76.00653446769664,6525994
2020-08-27,89.34017181396484,95.21274610083152,86.98150993128165,88.4255859368202,5164585
2020-08-28,87.75169372558594,90.1584872597767,86.74083750324542,90.06221698739928,1489359
2020-08-31,78.60587310791016,88.76253674491545,77.98010536132915,88.61813501835486,2146827
2020-09-01,86.54829406738281,89.29203713571657,77.5468880191875,79.52045424432725,1387643
2020-09-02,84.86353302001953,89.38830147500414,82.21606039647635,86.6445585886858,1547962
2020-09-03,84.57472229003906,87.46287449581126,83.46759580883621,85.68184877124192,619142
2020-09-04,81.87911224365234,84.23776677538292,80.19435690814468,82.79369077351922,600057
2020-09-07,80.96453857421875,83.51574136442788,79.9055508155333,82.40861479377658,342348
2020-09-08,81.25334930419922,84.52658990399163,79.32791452137437,81.73470799990544,633739
2020-09-09,79.18350219726562,81.1089369011505,77.73942616935197,81.1089369011505,474801
2020-09-10,83.17878723144531,87.1259272164605,79.42418779401095,79.90554650791404,1155744
2020-09-11,87.9442367553711,89.29204264159291,82.11980064501957,83.7564173565346,1683247
2020-09-14,87.27032470703125,91.4581434927073,85.00794052120168,88.85880972089461,1133025
2020-09-15,85.63371276855469,87.7035567194904,84.0452348793016,87.27033681241248,542929
2020-09-16,85.44116973876953,88.08864260391451,84.7191316846391,84.86354076445537,529797
2020-09-17,83.37132263183594,86.25947473694538,82.98623421549789,85.0560780264831,303594
2020-09-18,83.9489517211914,86.64456329501662,82.60115327922944,84.14149960215072,763578
2020-09-21,80.43504333496094,84.71913291363599,78.0282497862781,83.75641549416285,1041215
2020-09-22,76.48788452148438,81.10893037709089,74.32177065384694,80.53130148137755,657075
2020-09-23,75.86212921142578,80.09807962484567,75.09195240264921,77.45060694398305,496770
2020-09-24,73.84041595458984,75.47703981550225,72.39633996581729,75.47703981550225,512888
2020-09-25,76.63229370117188,77.7875588393503,74.22550051115424,74.22550051115424,481608
2020-09-28,77.69129180908203,78.65400921610883,76.68044293867445,77.20993310556864,364273
2020-09-29,78.2689208984375,81.54215390397245,74.61059215172754,77.49874410598795,966309
2020-09-30,76.58417510986328,79.08723897898612,76.10281639099539,78.22079181603368,332370
2020-10-01,77.78756713867188,79.85740362696238,76.87298122191609,76.87298122191609,413188
2020-10-05,76.8248519897461,78.55773891477027,76.34349328641423,77.93197113144865,250961
2020-10-06,76.63229370117188,77.88382909796103,76.34348292533971,77.25806139956646,276003
2020-10-07,75.66958618164062,77.1618010898306,75.28449775259635,76.96925320283304,585548
2020-10-08,74.36991119384766,76.19907552715237,73.84041374251338,75.81398713935927,294039
2020-10-09,74.85127258300781,75.76585111067214,73.84041644615748,74.70686351417915,269743
2020-10-12,73.79229736328125,75.81400263112081,73.40720889679952,75.2845050715895,176676
2020-10-13,74.56245422363281,76.48788888242204,73.35905756188954,73.79228476708732,302545
2020-10-14,74.51432037353516,75.09194928365014,72.78142629824012,74.56245183149052,200819
2020-10-15,72.97398376464844,74.99568888848148,72.34821596930817,74.70687072295487,279027
2020-10-16,72.7332992553711,73.59973900066349,71.33735468082675,72.6851604495435,253385
2020-10-19,75.57331085205078,80.67571566921397,73.16651751281348,74.1292348485084,1528300
2020-10-20,76.19908905029297,76.82485687339376,74.61060375932986,75.57332122719218,294313
2020-10-21,75.95840454101562,77.01739221498144,75.04381860149219,76.43976324235926,153206
2020-10-22,74.80313873291016,76.1028130935002,74.12923949367526,76.05467428571878,173683
2020-10-23,75.04380798339844,75.95839379351536,74.80312866678081,75.23635584366245,90291
2020-10-26,75.23635864257812,77.98010148510092,74.46618186276993,75.14008838133964,253438
2020-10-27,77.0655288696289,77.59501901934065,74.51432635480656,75.66958426776917,315627
2020-10-28,74.27365112304688,77.49875304149788,73.64788332515016,77.49875304149788,234810
2020-10-29,72.34822082519531,74.03297643229257,71.81872326784126,74.03297643229257,169285
2020-10-30,71.96312713623047,74.61060004090784,71.04854852532233,73.16652391108383,230808
2020-11-02,73.5516128540039,74.46619147120362,71.96312763127976,73.59974431835853,134912
2020-11-03,76.77670288085938,79.90553403274393,73.16651309022336,73.64787172897482,2689573
2020-11-04,80.09807586669922,82.31232857932783,77.16179252902656,77.49874211270047,1881308
2020-11-05,80.62757110595703,81.34960905615964,80.00180341345813,81.30147025483285,342448
2020-11-06,81.59028625488281,82.6974125521101,80.19434919204167,80.38688970245092,555256
2020-11-09,82.40859985351562,83.56386502668906,81.15707176376542,82.98622876762727,363806
2020-11-10,86.54829406738281,87.4147411797384,81.25334846903843,83.17878323207275,826390
2020-11-11,89.243896484375,91.12119974650815,86.16320386516497,87.12592122678693,957084
2020-11-12,88.61813354492188,89.67712114347809,87.02964847461237,89.24389393614803,384789
2020-11-13,88.28118133544922,89.2920375284688,85.53743825504706,88.377458949985,319993
2020-11-14,90.30288696289062,91.45814480134862,88.76253338501301,91.45814480134862,280240
2020-11-17,108.35384368896484,108.35384368896484,90.7842515636386,91.55442105805236,4315557
2020-11-18,119.81017303466797,123.75732010378117,109.1240117612202,112.01216385377097,6947583
2020-11-19,112.58979034423828,118.89559187989721,110.03859526083241,113.93759609364825,2148622
2020-11-20,111.33826446533203,115.91117193816059,109.0277413258601,112.15657275463755,867364
2020-11-23,112.78234100341797,116.48880139706162,112.01216417190344,112.44539139398684,1256366
2020-11-24,108.64265441894531,114.51522894389764,107.63180558105678,113.45624129922602,801954
2020-11-25,105.22501373291016,110.47182057381701,104.35856661236065,109.5091031831955,808472
2020-11-26,103.15515899658203,108.30569502430335,101.27785587585743,105.75449273918531,758156
2020-11-27,96.46427154541016,103.97346950305533,95.21274344910275,103.92533069956458,1598445
2020-12-01,108.59452056884766,112.83047105437498,97.23445284324124,98.87106940856312,4580199
2020-12-02,114.90031433105469,119.08813333739089,110.32740691546849,110.6643565192058,4781436
2020-12-03,113.64878845214844,118.89559518000652,110.51995700004301,116.10371333836848,1808989
2020-12-04,112.49352264404297,116.39253091071627,109.74977962247131,112.58979291156379,1312905
2020-12-07,114.51522827148438,116.24812247619046,112.68607114367875,113.07115221587952,903065
2020-12-08,112.87860870361328,116.7776168889251,111.91589135859313,114.56336405739856,788295
2020-12-09,110.37554931640625,114.99658834308254,108.78706416710004,113.60065107714871,770961
2020-12-10,107.24671936035156,110.37555089667943,103.8290696673054,110.37555089667943,601850
2020-12-11,112.78234100341797,115.04472534668483,107.82434509480085,108.20943351055811,1075861
2020-12-14,113.88946533203125,116.39252897060271,112.78233891161969,112.78233891161969,974926
2020-12-15,111.62708282470703,114.4671036439237,110.71250420620144,113.98574492998371,426822
2020-12-16,112.49352264404297,113.84132842418624,111.77148462021093,112.87861105907685,313747
2020-12-17,112.63793182373047,118.41423601981921,111.67521445771567,113.40810865452254,1779568
2020-12-18,112.54167175292969,114.51523812510413,109.41284002989458,113.02303047955047,441319
2020-12-21,102.09618377685547,112.87861577895433,97.13818767023957,112.87861577895433,730392
2020-12-22,104.79178619384766,105.89891265881634,96.65682720485526,101.08532571977923,994185
2020-12-23,107.8243408203125,108.69078788518007,104.35855990579252,106.86162349155971,429357
2020-12-24,108.20943450927734,110.71249821737571,106.57281056344138,109.2684221536708,340114
2020-12-28,109.22027587890625,110.37554105784871,108.78705602739669,110.37554105784871,245058
2020-12-29,108.64265441894531,111.38639747171518,106.23586097880496,106.23586097880496,283312
2020-12-30,108.45011138916016,110.71249570190463,107.53552549595672,110.0385964921341,346472
2020-12-31,109.50910186767578,110.71249859149638,107.82434645432691,108.30570514385516,403021
2021-01-01,112.83047485351562,113.69692197107528,109.41283253557303,109.60537307505261,832021
2021-01-04,111.14572143554688,113.7931942984936,110.03860229609352,113.696924027013,671840
2021-01-05,110.13487243652344,112.10843870685574,99.8819306195942,111.14572130329337,494551
2021-01-06,111.48267364501953,114.37082573587547,110.37554720786797,112.01216378803943,995585
2021-01-07,111.38639831542969,115.5260860018081,110.7124990850661,112.6379338517629,1149724
2021-01-08,110.90503692626953,114.08200715202774,109.8941881053105,112.44539057812234,632028
2021-01-11,110.51995849609375,113.50438091412583,109.60537257535843,111.43453707187834,438630
2021-01-12,111.72335052490234,113.2636968037716,108.8351984976661,108.93146876291722,541105
2021-01-13,110.71249389648438,113.11928724206012,108.40197081574158,111.57894096988173,446262
2021-01-14,110.37554931640625,112.15657500413411,109.79792035619056,111.24199642920516,316535
2021-01-15,109.7497787475586,111.57894319567468,108.78706139012387,111.57894319567468,394507
2021-01-18,106.81348419189453,110.47181296217319,105.89890567180001,108.83519644886185,488116
2021-01-19,111.19384765625,111.91588562804382,107.39111727611585,107.39111727611585,559063
2021-01-20,111.24198913574219,112.4935172433293,110.42367353872532,112.4935172433293,338923
2021-01-21,110.80876922607422,112.15657503019112,110.71249895684102,110.71249895684102,346955
2021-01-22,113.60064697265625,114.51522551454067,107.82434288930085,111.67521227820444,999424
2021-01-25,114.08200073242188,118.12541047862892,111.6752074680248,113.60064207954245,1454734
2021-01-27,114.94845581054688,116.29626160179981,114.08200870581636,115.33354422875495,684808
2021-01-28,117.83660125732422,118.36609137554676,113.84132291642578,115.04471956459096,935710
2021-01-29,141.3750457763672,141.3750457763672,118.5105018455492,118.70304971850565,4542726
2021-02-01,169.63079833984375,169.63079833984375,146.71812190349678,148.25847557766684,4353523
2021-02-02,186.5746307373047,186.5746307373047,180.0762884377926,181.90544557947248,504718
2021-02-03,204.09608459472656,205.20320370595437,169.67893825387057,205.20320370595437,6891395
2021-02-04,193.2747344970703,206.64778132930354,191.8105319630016,199.13154463334516,1569571
2021-02-05,193.95802307128906,207.8191372031469,192.93307833416955,195.22700156035904,724153
2021-02-08,197.17926025390625,205.67163135522128,196.5935733250001,198.3506192170812,683983
2021-02-09,216.89718627929688,216.89718627929688,199.86363411620812,199.91244384339356,1781423
2021-02-10,238.56739807128906,238.56739807128906,220.6065192740862,222.55878935615775,2265941
2021-02-11,229.00128173828125,255.74737533875356,224.51105468669206,246.37647318527976,2375576
2021-02-12,229.9774169921875,238.17694521382447,226.95139246809092,229.39173002151125,582511
2021-02-15,239.93397521972656,244.03373905695594,224.55984965913834,231.29517489925536,1070269
2021-02-16,235.834228515625,246.86454240663107,234.27240651434067,240.61728419077073,493033
2021-02-17,215.8722381591797,236.17584809100933,212.26054182436974,236.07824353282584,707556
2021-02-18,219.97201538085938,230.9047237644243,217.62928258068584,217.62928258068584,512650
2021-02-19,209.67379760742188,222.36355240337357,205.52522392413,221.4850219807173,447292
2021-02-22,230.6118927001953,230.6118927001953,213.7735640268477,213.7735640268477,1145504
2021-02-23,245.6931915283203,252.81898044250005,224.41344424959908,238.17695454814677,1681885
2021-02-24,264.92303466796875,270.24298236632757,246.27886499033292,254.77123656352273,1992980
2021-02-25,271.26788330078125,281.9077477744456,265.5574881663774,274.293907454756,1412214
2021-02-26,270.92626953125,281.12689265618724,258.87102556995006,262.5803268212304,840329
2021-03-01,277.075927734375,279.95550813187043,271.3655319847542,278.0520627415144,544065
2021-03-02,278.00323486328125,282.4934618014151,274.2939337952832,278.54012698448884,565785
2021-03-03,286.9836730957031,291.8643478082151,278.1008391610765,278.1008391610765,960825
2021-03-04,289.96087646484375,295.08558497855495,281.6149345153669,285.031406857841,667686
2021-03-05,284.98260498046875,292.6452403563054,281.8589612860051,290.8882093964659,400723
2021-03-08,288.2526550292969,296.2569739851329,285.6171083896506,285.6171083896506,577487
2021-03-09,289.71685791015625,294.6951523993859,273.85466406018884,292.69408755248514,667355
2021-03-10,292.4012451171875,296.94029697465885,289.7168737039327,291.8155879129906,556817
2021-03-12,305.6766662597656,306.99445445454813,292.74287763807166,292.74287763807166,902455
2021-03-15,308.89794921875,313.33935179104276,298.6973260064146,307.4825414771915,655250
2021-03-16,324.32086181640625,324.32086181640625,310.410937720443,312.07037917742656,1249591
2021-03-17,322.27099609375,338.0355719415384,316.4141855158017,329.9336625577549,778025
2021-03-18,306.16473388671875,333.6917525412047,306.16473388671875,333.6917525412047,349001
2021-03-19,294.5487060546875,301.1864114585205,290.88820017993993,290.88820017993993,8379235
2021-03-22,292.645263671875,302.6018526756221,281.322121403176,295.76890761520485,384944
2021-03-23,293.6213684082031,302.5042020287825,289.2287613222403,297.7211469374777,340757
2021-03-24,290.0585021972656,294.8415576224161,283.274381986772,292.84049283707293,320786
2021-03-25,276.0021667480469,300.6495750960157,275.5628940895015,290.05850456091457,350877
2021-03-26,269.5108947753906,286.7884673837883,263.65408444252137,280.1507609222476,233335
2021-03-30,262.97076416015625,277.2223411786016,256.04019967283597,270.194157233011,467501
2021-03-31,275.1236877441406,276.0998228578049,262.6291404156697,268.3395367884618,274932
2021-04-01,286.93487548828125,288.838320734181,276.1973912246368,286.44680802175196,257126
2021-04-05,272.73211669921875,287.9598288612629,272.63449724005454,287.9598288612629,300717
2021-04-06,275.8069152832031,286.3491905050185,267.5097682961539,275.2700529821038,228681
2021-04-07,275.0748291015625,280.638810477168,273.3665928638754,277.661610664338,105204
2021-04-08,273.4642333984375,282.10303470986514,271.7559970290871,277.17356453116525,94020
2021-04-09,271.560791015625,278.5889457140183,264.4838116896927,275.56292100990186,118407
2021-04-12,257.99249267578125,266.14322664475685,257.99249267578125,263.4100603052426,167745
2021-04-13,263.8981018066406,270.8774610617272,245.1075031564127,251.35476116538652,358972
2021-04-15,265.75274658203125,270.34059287399685,256.72349807557106,268.43711775962754,182713
2021-04-16,266.77764892578125,269.41322499908995,259.65187626723883,269.41322499908995,176590
2021-04-19,254.771240234375,266.48486047503593,253.4534519994453,262.5803203948156,236810
2021-04-20,245.839599609375,258.72456341617533,242.03266426702984,253.7950937041699,228938
2021-04-22,237.20079040527344,245.83959058159195,235.24852052539464,241.2029496168798,199947
2021-04-23,239.64112854003906,247.45020808513198,237.10317173002898,240.12919601160738,142601
2021-04-26,246.13243103027344,249.89055668832407,239.15307183062265,243.9849370376607,99746
2021-04-27,258.4317321777344,258.4317321777344,246.6204931345136,249.69532721335415,134265
2021-04-28,271.3167419433594,271.3167419433594,261.40894761443604,265.703965553149,202594
2021-04-29,266.9729309082031,280.9804745572202,261.6529830749431,280.9804745572202,252471
2021-04-30,260.7744445800781,265.7527387570738,257.6996254614049,262.72671446993724,126347
2021-05-03,247.74305725097656,257.69963092128035,247.74305725097656,257.69963092128035,580662
2021-05-04,245.9860076904297,257.45559336647153,240.76367974390888,249.4024800194634,1088075
2021-05-05,245.88839721679688,252.72134212438942,233.68670988181017,252.72134212438942,253804
2021-05-06,258.1388854980469,258.1388854980469,246.96212900862707,249.84172397663832,221581
2021-05-07,260.2375793457031,271.0238584500074,259.6030975964983,269.4132417668647,475617
2021-05-10,260.5303955078125,263.2147664483542,257.8460245672708,263.06835217308833,190986
2021-05-11,266.8265075683594,268.9251918554743,257.6996393823783,258.6757743800388,198356
2021-05-12,262.43389892578125,270.3893931639038,253.50226969428726,268.9251906738465,86536
2021-05-14,263.3124084472656,266.97291458879386,256.7234973925148,260.6280372768116,111786
2021-05-17,261.0672912597656,268.58351212596335,257.6996139346827,267.4609629473601,80993
2021-05-18,260.1399841308594,265.9479994446137,256.8211310041184,261.01849969539717,100143
2021-05-19,256.7234802246094,263.5076297356078,255.74734531881236,260.9696730226809,81894
2021-05-20,255.8450164794922,263.4100635284913,254.91767621583864,256.72353211442334,102767
2021-05-21,256.2354431152344,261.1649130575501,254.18555361245717,260.6280507114956,162867
2021-05-24,257.99249267578125,263.11720190432965,253.7951236995389,262.58033951990757,158384
2021-05-25,254.72244262695312,262.4826980783705,253.89272191108074,262.4826980783705,94858
2021-05-26,253.648681640625,256.6747060499582,251.84282596172648,254.7712309147698,91735
2021-05-27,249.4512939453125,255.7473615073092,248.03590122124155,255.7473615073092,121922
2021-05-28,248.67039489746094,253.55106996904996,246.9621586224048,251.40356102184018,88427
2021-05-31,242.95999145507812,250.81789594645832,240.51965399612942,248.9144208127681,210313
2021-06-01,255.0640411376953,255.0640411376953,243.30162733854237,244.86344915895143,246194
2021-06-02,250.81790161132812,259.0662245353026,246.96215642339465,259.0662245353026,178791
2021-06-03,254.3319549560547,256.5770832644886,249.89055275061133,250.8178928894194,153708
2021-06-04,259.7007141113281,263.55645941477366,250.52505074140996,257.21158168812167,259151
2021-06-07,272.68328857421875,272.68328857421875,261.6529463993666,265.5086911460571,322101
2021-06-08,277.5151672363281,283.0791486250129,269.46205352544416,272.43928313454865,444903
2021-06-09,263.654052734375,283.0791320443941,263.654052734375,277.61277043326817,89940
2021-06-10,260.5303955078125,271.3654987165809,257.6996102920049,263.5564196168232,76277
2021-06-11,258.52935791015625,265.50871712677326,255.0640608240906,265.50871712677326,56593
2021-06-14,253.45343017578125,262.2874692201888,246.96213880920442,262.2874692201888,58761
2021-06-15,252.18447875976562,262.58031036854624,250.18338417149573,258.4317366917198,82293
2021-06-16,249.15846252441406,264.77662276100807,248.91442877071728,264.77662276100807,105948
2021-06-17,243.54568481445312,254.77123742113133,242.56954980517676,253.79510241185494,67092
2021-06-18,248.8656005859375,254.7712199663846,231.39279107483344,248.27992855727985,125593
2021-06-21,248.57276916503906,251.2571403866686,239.20188220086055,248.91442236928344,43088
2021-06-22,246.42527770996094,249.79294048019815,245.4979524391185,248.81680548044025,31021
2021-06-23,244.52182006835938,247.93829260424462,243.05761755297996,246.42528035942493,38564
2021-06-24,245.40032958984375,247.9382865119949,242.08147659438873,244.03374656692412,55484
2021-06-25,241.88626098632812,246.57171206225144,237.2008099104048,246.57171206225144,31507
2021-06-28,239.20187377929688,245.9860087398208,236.71272666431167,245.9860087398208,73815
2021-06-29,236.51751708984375,243.05761871076396,233.9795600932415,235.19972886186983,55783
2021-06-30,248.3287353515625,248.3287353515625,237.10318297318867,237.20080242998623,126615
2021-07-01,260.72564697265625,260.72564697265625,253.79508297958955,260.72564697265625,1141014
2021-07-02,257.8948669433594,268.3394930849189,257.21156055937035,268.3394930849189,508561
2021-07-05,260.4328308105469,265.5087452081795,254.77125918873108,262.14106722273186,623859
2021-07-06,247.45021057128906,263.55643729486405,247.45021057128906,261.0184804593549,265922
2021-07-07,251.89161682128906,253.69747247169767,240.17801208855215,247.45021462828632,225245
2021-07-08,250.329833984375,254.9176506349766,245.00988629064062,252.81896633177658,117760
2021-07-09,253.45343017578125,256.13780124979434,244.03373400119014,250.32981625413052,260156
2021-07-12,258.0412902832031,262.5803120239024,251.45237910788217,252.7213426777892,201177
2021-07-13,270.0477294921875,270.9262449943182,256.72349330692634,257.699628262466,319247
2021-07-14,263.9469299316406,276.1974435352868,262.5803467243882,273.22021355201866,358647
2021-07-15,261.5553894042969,268.3883345150269,258.1877116840122,267.94906184219786,198067
2021-07-16,264.0445251464844,265.5087276888863,257.7484422984452,261.6529824115171,168767
2021-07-19,259.0661926269531,263.8980722253856,250.8666655474588,261.60414928684423,125604
2021-07-20,251.20834350585938,259.55428568393364,246.13242968515743,259.55428568393364,230759
2021-07-22,263.7516784667969,263.7516784667969,247.93828017755763,251.5499914501848,147354
2021-07-23,276.92950439453125,276.92950439453125,268.2418792833735,268.437118194134,371081
2021-07-26,290.7418212890625,290.7418212890625,277.31996478141065,281.12688539663475,179962
2021-07-27,296.3546142578125,305.23744938407924,279.5650790787307,305.23744938407924,520227
2021-07-28,290.400146484375,297.7699534122183,281.5661371372828,297.7699534122183,286488
2021-07-29,300.55194091796875,302.6018302419789,285.12902084070015,292.6940665967496,252273
2021-07-30,295.3296203613281,302.11377025200227,286.2027823127603,302.11377025200227,129404
2021-08-02,296.1593322753906,302.60182878149664,289.9120746713048,295.37843624585764,100772
2021-08-03,295.7688903808594,302.60183504312346,285.76350712540125,297.7211602843634,181834
2021-08-04,284.6897888183594,296.4522343519758,281.37093551943764,296.4522343519758,138122
2021-08-05,283.8600158691406,289.5704109691595,270.48698566618293,284.6897364886772,167069
2021-08-06,283.7136535644531,286.7884730925609,273.7082690466356,273.7082690466356,52587
2021-08-09,289.6680603027344,293.8166340391678,279.7602960429897,282.1030140774734,210989
2021-08-10,278.63775634765625,290.74182476694614,275.85576555311826,286.00756391157825,155423
2021-08-11,291.2786560058594,292.5476492834211,264.72780388809315,287.8621837643279,169224
2021-08-12,288.5455017089844,297.72116442521803,286.9836798066036,292.8404895985751,96434
2021-08-13,289.4728088378906,296.2081638552819,278.8817684131089,278.8817684131089,84679
2021-08-16,282.3470458984375,294.30469952767123,279.17460718047755,294.30469952767123,74176
2021-08-17,281.6149597167969,292.84051270377495,273.3178118568566,282.34706099855634,83330
2021-08-18,287.5205383300781,290.8882158317597,271.3655167826483,277.71039397360954,77023
2021-08-20,276.29498291015625,283.07913266031136,273.1713689750553,278.2472527905722,146135
2021-08-23,273.6594543457031,276.24620614860333,262.48269663352085,276.24620614860333,132488
2021-08-24,280.5411682128906,283.4695729537126,265.89914450878075,269.4620309855928,115817
2021-08-25,272.585693359375,286.0075493439458,270.38938965280886,283.07914440185766,70115
2021-08-26,273.80584716796875,278.19845434178643,268.82755307978726,272.5856785085749,65653
2021-08-27,276.92950439453125,279.9067041533379,268.48591302718637,271.36552311988817,58752
2021-08-30,279.5162658691406,281.12688267662014,271.7559806295442,276.92951405236727,92828
2021-08-31,275.75811767578125,281.126859789823,270.43817039252116,280.05310540915985,48279
2021-09-01,271.1702880859375,278.0032330103851,269.95011934942903,274.53796571441126,31058
2021-09-02,270.6334533691406,273.7082729409974,263.8981272142928,263.8981272142928,48429
2021-09-03,270.6334533691406,277.2223652185246,263.5564739753579,270.6334533691406,62021
2021-09-06,277.075927734375,280.9804677629326,268.437126963336,269.5108814290446,87652
2021-09-07,275.1724548339844,279.56506240249547,265.70396305987083,277.027105405056,38545
2021-09-08,274.0010986328125,278.100847642795,269.46204718032163,276.49023089639917,35078
2021-09-09,287.6669921875,287.6669921875,273.3177959826981,274.0011023883651,210045
2021-09-13,302.01617431640625,302.01617431640625,291.5715473000741,292.84051093173406,785234
2021-09-14,301.8209533691406,315.1451901371565,297.6723796266533,309.43479443964225,540266
2021-09-15,302.30902099609375,314.5107084791573,295.866524047181,302.60184957997683,473853
2021-09-16,288.1550598144531,310.6549593285058,287.2277196619413,304.4564962088721,19179899
2021-09-17,273.80584716796875,293.32854571826954,273.7570523373025,290.8882083994819,4004440
2021-09-20,261.7017822265625,277.5151503117935,260.1399603715427,264.5325675823192,1321336
2021-09-21,267.16815185546875,268.4371153943502,253.99032982701883,259.65190070871694,705736
2021-09-22,270.73101806640625,277.71037658151414,264.82538410033584,267.4609602226182,578507
2021-09-23,265.6063232421875,279.46742152238085,262.5802989690756,274.5379519890428,858276
2021-09-24,270.9750671386719,273.3177850526972,260.2863775575084,268.2418714145802,642960
2021-09-27,268.9739990234375,273.7570845627231,263.55646145371105,273.220192415825,371129
2021-09-28,264.19091796875,272.7320987718455,258.18769399071493,266.2408073193478,617110
2021-09-29,270.389404296875,272.3416743640005,259.3102657080826,263.21480584233353,298923
2021-09-30,280.1507568359375,281.6149593977978,269.26685708396474,270.3894064235355,688687
2021-10-01,280.1507568359375,282.0054074564384,274.3915660504758,277.2223517122169,414587
2021-10-04,281.12689208984375,284.0552972157796,274.78201431698267,282.395855728705,407228
2021-10-05,280.7364501953125,282.1030333262345,277.85683984253416,280.5900358936562,257690
2021-10-06,285.5682678222656,289.91208026723194,279.17459581289006,282.3958292334828,1309941
2021-10-07,283.0303649902344,286.9836999617517,278.19848465680013,286.9836999617517,204955
2021-10-08,284.8361511230469,287.37410781394044,278.7841326332101,281.85895160192194,379720
2021-10-11,299.0389404296875,299.0389404296875,287.52053043349343,287.9598030657439,1275566
2021-10-12,297.7699890136719,300.9912525947193,289.9121136732561,298.25805654510833,365913
2021-10-13,291.2786560058594,302.6018271070757,286.98366828864596,297.76994730691445,252535
2021-10-14,287.5693664550781,294.79275923340595,285.90992509997477,292.74286985041795,161204
2021-10-18,287.22772216796875,294.79276837630096,286.0075534246894,292.64525947241884,291360
2021-10-19,281.2732849121094,292.84049023421596,273.3177908852682,289.1311892736259,266458
2021-10-20,278.4913024902344,284.299317633128,271.3655289339385,280.05312444195397,352193
2021-10-21,291.3275146484375,292.4012393611805,271.3655411616619,277.22235140256106,722482
2021-10-22,289.71685791015625,299.67344688861556,284.83618287939703,296.74504187016004,308677
2021-10-25,283.9576721191406,297.08670008894416,277.222346420993,297.08670008894416,414772
2021-10-26,298.1116027832031,298.1116027832031,283.07913076262867,284.00647086531933,453600
2021-10-27,312.9976806640625,312.9976806640625,294.79276893753047,301.04002695715934,1695203
2021-10-28,309.0931396484375,321.1484127726837,301.47929861695354,312.216783542484,1073950
2021-10-29,316.1701354980469,318.1224055903958,296.0129527524001,309.825257697913,490165
2021-11-01,331.9346618652344,331.9346618652344,325.00412788502314,327.0051925205591,208885
2021-11-02,348.52899169921875,348.52899169921875,342.6721816678798,348.3825774062905,373102
2021-11-03,331.8858947753906,365.95299978124467,331.1049987033941,365.95299978124467,1315747
2021-11-04,348.4801940917969,348.4801940917969,336.8641935799255,341.6472491096048,388350
2021-11-08,337.3522644042969,352.3847375554555,333.00845170708556,351.4086025483767,647966
2021-11-09,342.67218017578125,350.23722643332025,327.54208766070326,341.6472503404703,1012233
2021-11-10,335.5951843261719,348.089729575816,333.8381533296206,344.03877548595773,475588
2021-11-11,330.8609924316406,344.47805872446173,328.1766210009906,340.67113792612287,550095
2021-11-12,339.499755859375,344.4780505338864,328.0789937359072,328.0789937359072,614595
2021-11-15,331.6906433105469,345.5517714835046,329.10389165701395,341.64723169273054,418111
2021-11-16,327.5909118652344,339.3533266961983,325.05295490809675,331.8858999061648,396223
2021-11-17,324.0768127441406,334.9607117926023,322.1245427878506,330.66572384661936,402842
2021-11-18,318.268798828125,328.9574887921254,309.1907554151505,326.90759937295434,561885
2021-11-22,306.70159912109375,322.12451870711925,302.8946491595001,319.1961139916,864059
2021-11-23,318.0736083984375,319.14736289913367,306.7016411525711,307.48253726801704,494185
2021-11-24,313.97381591796875,322.026929645547,312.3631991303083,321.92931018796355,206171
2021-11-25,317.7807312011719,329.64079505369546,309.5812033172767,314.70591196837063,923075
2021-11-26,302.4066162109375,313.72978836075254,301.9185487026634,312.3632052954403,460288
2021-11-29,287.76458740234375,292.54767275567275,287.32534452389757,288.2526549045793,833566
2021-11-30,302.11376953125,302.11376953125,278.6865305369043,281.2244873858134,505517
2021-12-01,308.9467468261719,314.65714289124105,294.7927884407706,296.74505856289494,2321015
2021-12-02,310.2156677246094,312.26555702810504,303.968410152892,311.87510901536155,503966
2021-12-03,318.7080993652344,325.6874591362039,307.58016555964844,313.2417370323548,838857
2021-12-06,313.5833740234375,329.29915374558027,311.094241647289,320.5627334329521,516630
2021-12-07,316.8534240722656,323.78398846700406,310.5085466300485,319.97703817025314,299588
2021-12-08,301.0400390625,319.5866047414454,301.0400390625,311.3870763991355,10651769
2021-12-09,301.9673767089844,314.2666840130955,292.40123556610814,297.7211833815883,19668135
2021-12-10,301.8697509765625,306.99445976436186,298.7949316617382,303.2851586527129,1395642
2021-12-13,298.5020751953125,306.99446172798156,295.86652853258096,302.9923022150079,1072023
2021-12-14,304.8469543457031,306.2135672029521,296.64742614859244,297.721180626741,1109193
2021-12-15,300.0151062011719,307.43373835668206,297.72118293219955,305.2374345481658,770583
2021-12-16,292.1571960449219,303.62678239152206,285.031422400617,302.5530577138997,1636426
2021-12-17,277.5639953613281,292.84050227199526,277.5639953613281,292.84050227199526,980515
2021-12-20,263.702880859375,271.36554704864005,263.702880859375,268.5835561660052,719174
2021-12-21,264.92303466796875,272.29287183676286,260.8720803509634,266.48485663540885,752875
2021-12-22,275.1724548339844,278.1496845039856,266.28962023758436,267.46099417156466,946529
2021-12-23,277.8080139160156,280.49238503999646,273.8546494780427,277.4663607241995,289258
2021-12-24,264.97186279296875,279.5650634517844,263.9469031495699,279.5650634517844,554307
2021-12-27,266.6312561035156,270.2429673405766,259.70069198847335,265.50870686689655,386070
2021-12-28,267.11932373046875,271.9512036599086,265.5087070170804,267.4609769216177,213704
2021-12-29,280.0531005859375,280.4435485932885,267.1681376077133,271.07267725977033,771200
2021-12-30,273.17138671875,282.39584462932027,268.9739883296515,279.02819674042365,318434
2021-12-31,272.73211669921875,279.17461374346163,271.3655336387494,273.3178036649275,206470
2022-01-03,279.71148681640625,282.39585820539014,270.3894089994643,273.31781415108304,342734
2022-01-04,278.3937072753906,286.3003767553778,276.7342658992616,280.9804590058355,337969
2022-01-05,285.4218444824219,290.88820598906443,273.0737437095328,279.4674155160662,567456
2022-01-06,290.54656982421875,291.8643580004706,278.1496734950884,282.10300823456856,471697
2022-01-07,285.0802001953125,292.7428655096869,282.05420568211935,292.7428655096869,250300
2022-01-10,296.64739990234375,298.5996697665109,287.61815178057066,291.86434469298905,687842
2022-01-11,301.13763427734375,309.72760998445597,296.5497880630811,298.69729688449655,1224897
2022-01-12,304.6517333984375,307.48251888427893,298.6973040590138,307.48251888427893,427172
2022-01-13,302.4066162109375,307.48253021269903,299.67345008031305,306.79922378540465,317135
2022-01-14,304.6517333984375,307.2872799724517,298.7949235149274,299.72223387291785,321955
2022-01-17,306.2135314941406,312.36316947752005,303.57795533596476,308.26339096241827,406574
2022-01-18,296.2569580078125,314.3154546244337,293.9142400802679,309.1419512932197,771144
2022-01-19,298.9413757324219,302.50426290574427,291.9131910647969,299.57585759244705,601087
2022-01-20,300.1127014160156,304.4564840572545,297.33071085879214,298.6972938269429,264859
2022-01-21,300.55194091796875,311.2894252168777,295.2808182199956,295.2808182199956,916886
2022-01-24,290.2537536621094,311.7775189008591,285.56828770049754,307.4825307780058,765402
2022-01-25,300.0638732910156,301.62569514606696,282.73747818149235,288.93594098134565,354366
2022-01-27,306.16473388671875,310.3133075973498,291.2298804441572,297.81879163163006,608375
2022-01-28,308.5074768066406,321.1484378726587,304.5541416907888,316.26776252504993,1143902
2022-01-31,306.45758056640625,316.26772493335125,303.82200427625173,316.0236911949767,589534
2022-02-01,321.7341003417969,321.7341003417969,300.99123169598755,300.99123169598755,865161
2022-02-02,337.79150390625,337.79150390625,324.2720580248139,326.0290891042762,1542683
2022-02-03,346.8608093261719,354.550194097157,332.51710877377764,343.0653959119022,1879626
2022-02-04,338.9249572753906,348.5860128458762,334.19303256504423,348.5860128458762,742692
2022-02-07,334.5380859375,347.00870526602904,327.2923015577319,344.93847685968893,594095
2022-02-08,333.108642578125,341.78387846755487,321.0816540801711,334.09446278704803,759515
2022-02-09,328.7710266113281,339.0728594191439,325.61639003419333,337.4462320711827,276664
2022-02-10,329.3132019042969,334.5873456089456,324.67986535107235,330.9891081567492,353168
2022-02-11,322.6096496582031,327.8837935687437,318.91282403186773,325.32065511751574,405405
2022-02-14,309.7447204589844,318.41992622943974,303.43544707882216,318.41992622943974,670377
2022-02-15,315.2652587890625,318.71562917017724,297.76695185626625,310.5826132718353,501497
2022-02-16,323.1518249511719,333.70011232293893,317.0397582268863,318.41990038496095,565730
2022-02-17,312.55426025390625,325.3206429742574,310.53334102088206,320.68727632826267,338879
2022-02-18,314.7723693847656,318.6170921295371,311.02626475916344,313.4908151930712,255053
2022-02-21,308.1673889160156,320.2929648848237,306.5900706385271,315.36386407069944,292332
2022-02-22,295.74603271484375,305.60423380533854,291.01410822534314,303.63259358723957,493786
2022-02-23,295.74603271484375,304.2240916696377,292.7885723876953,295.84462074271715,494204
2022-02-24,284.5076904296875,295.7460336930551,277.40977358711723,283.9161923453329,829016
2022-02-25,295.6967468261719,303.6325864844423,291.21124738401954,295.7460257965347,772597
2022-02-28,293.6758117675781,301.6116818935614,283.96547743514196,289.92970729402526,330083
2022-03-02,290.57049560546875,295.59818449805385,285.6906737216683,289.8311304767017,235260
2022-03-03,289.0917663574219,296.97832775847684,287.21871404164017,294.6616443299481,318051
2022-03-04,287.41583251953125,291.75346494286737,285.14845836765755,285.8878234282478,301009
2022-03-07,275.783203125,284.6555849949732,271.64274621840775,283.0782666455645,382240
2022-03-08,281.79669189453125,285.0991953671229,273.51580876904217,276.0296380819225,494548
2022-03-09,293.3800964355469,295.74605888969546,284.01480457070653,286.8736771230046,287366
2022-03-10,296.0910949707031,305.2099315707432,290.8169510283057,300.08365463732355,321637
2022-03-11,294.61236572265625,299.54146660446463,289.68326484084787,295.7460529085033,283390
2022-03-14,293.2814636230469,299.0977958762502,290.91550153011474,294.7601936917345,314469
2022-03-15,287.7608947753906,295.59817697479303,285.3949324405208,293.7744036866155,618127
2022-03-16,284.8527526855469,293.6758252345084,283.0782583128791,291.3098628224624,913602
2022-03-17,283.768310546875,292.4435150488539,279.0856652576026,286.8736377217401,1152621
2022-03-21,282.78253173828125,286.28218143106676,280.36726020280156,285.7892713287113,545370
2022-03-22,282.73321533203125,289.33822256594107,278.9871106853878,285.7892639042111,516712
2022-03-23,282.1910095214844,288.2045182741072,280.0715022791649,284.3105167638039,544455
2022-03-24,279.3321228027344,285.78923222617146,277.1140276456214,282.43745000572443,2641308
2022-03-25,274.0580139160156,281.5009443463436,271.3962873584329,280.4658451766419,647555
2022-03-28,267.0586853027344,281.0080350708293,265.5799550074979,276.02965511080447,1234565
2022-03-29,283.768310546875,288.3030888439806,268.73455461815837,269.4246106098836,2316693
2022-03-30,282.1910095214844,293.0350308480742,279.97291425013645,286.6764790362731,1179760
2022-03-31,281.55023193359375,288.4016637080403,279.4800036672383,283.6204601999492,460537
2022-04-01,287.41583251953125,290.81692383218314,278.00126278195137,278.00126278195137,802604
2022-04-04,294.5137634277344,301.6609593602903,289.2396197226039,291.5070240693549,2198559
2022-04-05,298.4570617675781,309.44895084130616,296.8304644751614,298.5556498032977,1631633
2022-04-06,300.03436279296875,302.44960406225755,294.4151760140893,296.7318593381832,579368
2022-04-07,317.4833679199219,322.1660136419552,295.84463363427403,300.7244253358026,3316850
2022-04-08,327.83447265625,329.9540100065898,311.7163375760727,317.43408230413553,1688547
2022-04-11,344.79058837890625,351.19841918509036,328.27810130143183,328.27810130143183,2246753
2022-04-12,334.981689453125,348.2902620548771,331.2355847547179,343.0654270673864,1505416
2022-04-13,361.7467041015625,369.4853679550153,336.60829110871754,336.60829110871754,4570868
2022-04-18,365.4928283691406,373.4779777705735,357.7048550358297,362.78182289910654,3216436
2022-04-19,357.85272216796875,381.956037389253,346.12146814692426,367.95737892340037,2039949
2022-04-20,354.5009460449219,366.28147925467704,348.98034696856325,357.60627362385964,884253
2022-04-21,373.37939453125,381.5124110457921,358.34563673164195,359.52863298587675,1452815
2022-04-22,363.3240051269531,372.3935625628175,360.3172656961213,367.7109168389965,673527
2022-04-25,351.8392028808594,363.12685554769143,348.0437893148388,362.781812480809,636805
2022-04-26,348.4874267578125,359.8243586042477,346.0228763564136,355.8810779620094,526639
2022-04-27,382.7446594238281,386.7865279099214,344.59340896181095,348.53668941949365,4346641
2022-04-28,363.9154968261719,390.38477346846435,356.37397881022696,388.1666781646663,2749588
2022-04-29,342.1288757324219,370.6683815016601,334.19303544963503,366.7251008473871,2367102
2022-05-02,335.08026123046875,345.92428282423697,331.13698065091666,341.0937701312543,723390
2022-05-04,335.3760070800781,352.7264166183544,331.23555066285576,338.92493534073543,1020572
2022-05-05,327.4894714355469,341.98100983618673,324.7291569176793,341.5374088120458,658003
2022-05-06,318.1734619140625,322.1660215943059,308.9067582734258,316.4482766054657,1092810
2022-05-09,307.7730407714844,319.1592506527262,300.6751241670471,311.5191450386455,664040
2022-05-10,294.9080810546875,316.54684458861726,291.30984365593963,307.7730515919212,817917
2022-05-11,302.745361328125,307.57587384265986,278.8885026692126,297.5204967023284,1451696
2022-05-12,291.1619873046875,300.3794117236883,285.9371224590467,291.90135241715,1033100
2022-05-13,284.9020080566406,299.49213345951455,281.9938267363126,297.02758321681006,1105246
2022-05-16,291.75347900390625,294.26730829713057,279.8743284070025,287.76088943339124,812465
2022-05-17,302.1045837402344,309.94183553780374,291.8027515910069,292.14779464532955,622248
2022-05-18,314.8709411621094,318.4198996206705,302.6467776580367,304.6184179033659,835107
2022-05-19,301.7102355957031,307.0829672819242,296.6332679962931,304.12550692286874,656737
2022-05-20,312.11065673828125,315.36385110794606,305.60423791410915,307.5758781587163,497027
2022-05-23,313.5893859863281,320.39153879296407,306.68864515078735,311.5191577186974,485880
2022-05-24,312.9978942871094,315.70889967069854,305.6535222139943,315.3638566049095,563560
2022-05-25,288.6974182128906,313.7865213516262,285.887824950717,312.5049672737148,1002553
2022-05-26,305.20989990234375,306.5900419843404,282.2895832588199,292.7885609946917,753801
2022-05-27,301.3652038574219,310.33614232011433,297.07688058683203,307.57585819079986,470678
2022-05-30,301.4637756347656,309.74468857254476,298.85135837729956,303.63259189653485,309005
2022-05-31,316.7440185546875,325.1234902633813,299.98507513729993,302.35106768763063,1410801
2022-06-01,321.722412109375,325.8628386902695,315.56103616919563,319.8986388141132,381040
2022-06-02,331.67919921875,334.1930285500119,322.0181437643334,323.44759500593295,466280
2022-06-03,320.4901428222656,335.8689434690795,317.8284163331625,335.8689434690795,297564
2022-06-06,328.47528076171875,336.36184183561505,313.49080268737856,315.7088979894119,742347
2022-06-07,328.8695983886719,331.62988269358607,322.60963460323717,327.29228017807407,193826
2022-06-08,322.01812744140625,332.27065039418255,320.39153030452087,327.78518100385594,207957
2022-06-09,323.6940612792969,327.78520899870284,319.4057374904653,324.33483837766386,255970
2022-06-10,348.6845703125,367.0701085756992,327.29226278903906,347.00866416187273,21314756
2022-06-13,324.2362365722656,342.76967317190235,321.77168623333864,335.1788460940701,2941988
2022-06-14,327.6866149902344,339.1221348570333,323.4476003384589,323.4476003384589,2212487
2022-06-15,324.43341064453125,333.5029377852803,315.51172042139996,328.2781031327207,1215191
2022-06-16,316.3003845214844,331.23555299210653,301.7102290173555,328.5738266930546,2048626
2022-06-17,322.3631896972656,325.3206501532038,310.53334787351275,313.68798439378423,1117201
2022-06-20,306.88580322265625,325.27137324149646,300.6751482597529,323.349011899013,714142
2022-06-21,313.8851318359375,319.9972288406288,307.1815668051772,313.44153081638575,464967
2022-06-22,309.94183349609375,315.0188009953222,306.590051172272,308.5616913727368,394284
2022-06-23,314.8216857910156,319.89865378637273,310.4840829430846,310.4840829430846,333379
2022-06-24,319.3564453125,320.88445449042194,311.37129618839646,313.490803465297,619111
2022-06-27,313.8851318359375,322.36319119943573,310.53334932055736,322.36319119943573,361075
2022-06-28,315.3145751953125,316.941172395928,310.13901950299953,313.293625874075,230991
2022-06-29,315.85675048828125,317.4340686475979,308.5616878468886,313.9836983362109,456669
2022-06-30,319.15924072265625,321.1801597882767,309.1038641933654,317.4340556376689,317648
2022-07-01,329.3132019042969,330.24974306034545,312.6528477489674,318.91281158215446,526247
2022-07-04,332.6650085449219,334.8831037950322,327.1936888770778,331.6298793772984,224952
2022-07-05,325.517822265625,337.4462218918856,324.33482606367437,334.4887614718521,382136
2022-07-06,333.4536437988281,335.1788289478243,324.03907401967143,326.3064481815583,240111
2022-07-07,335.08026123046875,339.1221298414783,331.18628970906707,334.78452722093965,297694
2022-07-08,334.1930236816406,339.46716738798017,331.23556329507744,335.178843810495,232107
2022-07-11,338.0376892089844,344.3469315135272,334.09440900804003,335.08022905827613,460398
2022-07-12,336.0660705566406,341.98099123555426,334.1930183586198,335.17883847177205,248817
2022-07-13,332.122802734375,339.12213182090306,329.6582523577696,334.19303106769223,114431
2022-07-14,326.9472351074219,334.3901950262276,324.53199387669076,332.1227907109287,150686
2022-07-15,340.650146484375,343.7555040765815,325.51783099717534,327.7852053460829,315364
2022-07-18,340.20654296875,345.43137777875467,337.69268351179613,343.36114942739374,344436
2022-07-19,339.4178771972656,343.0654239107139,336.85476878764734,340.20655139509347,195595
2022-07-20,336.6575622558594,351.3462756462477,334.48874601412507,340.65012160445923,535509
2022-07-21,341.3894958496094,343.16399011821744,336.31252824370677,337.1504813634793,127394
2022-07-22,338.0376892089844,349.473207808691,333.9465420174727,342.47387943504674,497532
2022-07-25,337.6434020996094,342.8682368718849,336.60830297382535,340.0093644477182,195625
2022-07-26,336.3125305175781,342.5232153724341,333.10861510284184,339.86148899394686,162520
2022-07-27,341.6359558105469,345.0370473108337,333.207205688748,333.207205688748,290419
2022-07-28,347.4523010253906,358.59205595301864,343.21325660858065,344.5933987107443,1207813
2022-07-29,341.1430358886719,352.67714317096744,338.2841635962181,349.9661378775498,464261
2022-08-01,345.1849060058594,349.47322950761804,337.6926671419011,341.43880161630136,322077
2022-08-02,330.59478759765625,347.7973308665149,324.6798668000295,347.7973308665149,1045742
2022-08-03,331.03839111328125,332.22138731570175,318.9620943933485,330.34833506590525,661251
2022-08-04,328.6231689453125,336.9040525896547,325.6163992911914,332.71431674911037,387806
2022-08-05,327.2922668457031,332.22136725000587,324.82771664355175,328.6231299718331,303929
2022-08-08,330.7426452636719,332.2213754213336,321.67308826274314,324.33481458047106,560344
2022-08-10,333.3057861328125,340.1079388937184,330.24973776636426,332.86215504814464,339725
2022-08-11,335.3760070800781,337.69266022666227,330.7919195878528,337.0518831843126,219247
2022-08-12,338.0376892089844,340.1079173314482,331.43271292330684,336.1646371305039,308351
2022-08-16,346.8114929199219,348.4873990937719,336.1153690948178,336.1153690948178,554896
2022-08-17,346.5157775878906,352.43069840020166,345.0863263576449,346.022867520198,369186
2022-08-18,346.26934814453125,349.8183069111667,331.13700193106814,346.0228930924711,1265086
2022-08-19,328.1795349121094,346.71297251683615,325.51783845262713,336.2632724961176,23479739
2022-08-22,323.595458984375,329.2639247548553,318.96209232065394,326.3064643528656,1333891
2022-08-23,333.65081787109375,335.0802389351657,321.52521284486903,324.33480608782605,2024657
2022-08-24,336.805419921875,339.02351507294304,329.7075334893618,332.2213626266359,1062419
2022-08-25,334.39019775390625,343.952634896054,333.20720157237497,339.1221223103461,1639447
2022-08-26,341.5373840332031,345.92426540615935,332.2706510699823,337.15047257540516,1155412
2022-08-29,336.46038818359375,339.81220059233925,328.2288144143258,328.2780933854019,756875
2022-08-30,339.9600830078125,344.9384627059435,336.46040344228425,339.12212986762444,765892
2022-09-01,339.36859130859375,344.44555913400484,335.47458962855904,337.10121696632285,553548
2022-09-02,338.7278137207031,343.9526485459908,335.5731771679881,340.1079559306995,441427
2022-09-05,333.7493896484375,340.10794145744853,333.20720061628293,336.8054380379222,389508
2022-09-06,327.98236083984375,337.8405618860087,326.3557335993529,336.11537670292984,680614
2022-09-07,328.327392578125,330.98911904668967,325.36993209520597,326.3064732820678,416874
2022-09-08,330.4961853027344,332.2213704609142,325.51780588020927,329.95399628695736,584552
2022-09-09,331.0876770019531,337.64337445989975,328.6231268234137,334.19300420994455,711852
2022-09-12,332.0242004394531,333.65082768601184,329.263916170167,331.23555638675487,430106
2022-09-13,342.2274475097656,344.3962638005334,330.84123719534085,331.28483819696896,1001980
2022-09-14,344.54412841796875,351.83919121442796,337.7912546480301,337.7912546480301,2135827
2022-09-15,357.7048645019531,363.1268755855067,345.1356569900789,347.7480744951858,1887716
2022-09-16,356.7682800292969,362.8310674889369,351.4448576277798,357.0147350486712,1934615
2022-09-19,359.13427734375,368.35170198734903,354.1066185243725,360.8101836734386,1170656
2022-09-20,354.0080261230469,364.4577258552048,350.50834649771406,361.79599938437946,725016
2022-09-21,364.7534484863281,368.59814098043165,351.9870657553695,354.00801507491565,1224282
2022-09-22,378.85064697265625,383.0896913928777,362.09170551256756,362.78179160662546,3181604
2022-09-23,369.4853515625,381.5123684947196,366.7250673902731,381.5123684947196,1203545
2022-09-26,347.4523010253906,365.39420852320035,345.13561780845095,364.7534314848574,1304612
2022-09-27,352.5292663574219,360.61297295638207,347.3044018864824,349.96612813439884,783612
2022-09-28,346.26934814453125,354.5009529003098,343.1640205055422,347.99453350895243,444111
2022-09-29,349.7196960449219,354.10660771916895,342.0795899297756,350.9519712247842,438633
2022-09-30,346.71295166015625,356.4232558701275,345.4313674406009,348.2409608273014,464460
2022-10-03,352.6771545410156,354.5009278141712,342.3260430869816,345.03704846780005,425438
2022-10-04,350.3111877441406,359.72575791224233,348.4874144943164,356.7682975346385,329033
2022-10-06,367.4151611328125,369.48535926270574,352.4799626381938,353.4165037615964,852302
2022-10-07,363.1761169433594,368.4995394388388,361.2044767535639,365.73925520706183,431048
2022-10-10,355.9796447753906,364.70415869325086,354.89523664644696,355.88105674824266,266983
2022-10-11,352.2335205078125,355.8810670237101,348.09309401162795,354.99383492344504,415166
2022-10-12,347.8959045410156,352.2335069299842,345.0863112611109,350.95195284398494,358772
2022-10-13,345.4313659667969,351.3462867199435,344.0512238080312,347.99450431012895,179567
2022-10-14,342.4739074707031,351.93778674467126,337.1504847806094,347.8959181908591,302047
2022-10-17,345.03704833984375,347.20586467763144,335.4253019932338,342.0795879255022,269789
2022-10-18,347.64947509765625,352.6771639550747,342.5725072659356,346.76224296631034,579301
2022-10-19,350.114013671875,352.8743280908752,344.10050485298626,349.37464857327825,393027
2022-10-20,353.2686767578125,359.33146500638327,348.98035284570557,349.96617305148436,344419
2022-10-21,349.52252197265625,361.7959948679167,346.6636495560638,355.58533995997976,885420
2022-10-24,356.1275329589844,357.45839619254724,352.92361743755407,352.92361743755407,87253
2022-10-25,358.9864196777344,363.76765366290135,351.05057910466326,354.89527186624525,253850
2022-10-27,395.21527099609375,398.6656413366917,361.648108716499,371.60489771633576,5832877
2022-10-28,404.8270263671875,411.7770762659155,393.7365500142793,399.1585606757011,3382944
2022-10-31,413.94586181640625,418.33277337846545,402.1653294490959,406.1578888958095,2238691
2022-11-01,410.88983154296875,417.8398817369105,405.2706746697187,414.53737817679723,910782
2022-11-02,403.2497253417969,416.7554735988063,399.25716571854895,407.1437270166931,400441
2022-11-03,404.8763427734375,422.3253411678425,398.8135248559212,400.24297609018043,1319423
2022-11-04,405.122802734375,408.6224522334381,402.2146212575217,407.09444303465693,262266
2022-11-07,399.7007751464844,408.2773920421302,394.62377751829587,407.1929839054829,327100
2022-11-09,398.2713317871094,406.1578928125967,395.3138714025516,402.46106733189947,237902
2022-11-10,392.89862060546875,407.1437342367956,390.38479118104374,394.32807190004416,382877
2022-11-11,394.623779296875,400.6372880046203,389.4975327589215,399.2571458630498,329116
2022-11-14,414.5373840332031,417.5934325959578,394.08161537995943,394.62380444285475,800591
2022-11-15,415.6217956542969,423.3111810567233,408.32673230856125,417.9877580792862,1019042
2022-11-16,411.0377197265625,417.79056362293903,407.24230616764254,412.26999490252075,360024
2022-11-17,413.7487487792969,419.46649388884975,407.24232946111425,409.904025942522,370395
2022-11-18,439.3800354003906,442.6332297319671,414.09372549148134,415.42458865797795,2531017
2022-11-21,443.1261291503906,452.4914199778182,435.92965454851446,443.61903919393944,1972353
2022-11-22,455.3503112792969,458.4063596942269,436.71831686998394,444.90061190155666,1125959
2022-11-23,463.3847351074219,468.264556732572,450.1747515239347,458.40635553820204,1220683
2022-11-24,470.58123779296875,473.19365508008826,451.8013465560723,465.30709416208674,1003412
2022-11-25,468.11669921875,478.9114116944515,461.807456343455,467.2787460832776,657530
2022-11-28,474.3766784667969,476.6933318014927,461.70888324853496,463.33548051422247,399785
2022-11-29,453.9208679199219,481.0801990929761,449.188913484496,474.2287375022851,914457
2022-11-30,459.9836730957031,464.6170095995985,441.2530908528914,453.970164358674,558376
2022-12-01,453.03363037109375,466.5886572083676,443.71764815929134,463.33546280135903,385459
2022-12-02,456.286865234375,462.004610105398,449.92831319405906,453.2308167337205,295761
2022-12-05,466.5886535644531,487.98096233087506,458.159903521766,458.209182494125,1886815
2022-12-06,462.2017517089844,477.1369199422753,456.08965516339055,468.4617152499887,493845
2022-12-07,467.9688415527344,471.02485997803035,460.52588130071814,465.0113810754721,335156
2022-12-08,474.62310791015625,478.1227572955994,468.0673800566828,468.9546422308785,1274524
2022-12-09,482.5096740722656,487.9809637531364,471.27130053613735,481.08022285157693,1240915
2022-12-12,489.50897216796875,491.9242435137469,478.46780479331534,482.55895230456736,1381568
2022-12-13,490.6919860839844,500.7966427537199,486.99516047310556,491.92426128761065,871182
2022-12-14,480.5873107910156,493.7480154727227,472.94720482459434,490.7412460414836,1078525
2022-12-15,490.396240234375,492.9100695551691,475.9046721555158,482.0660480249554,718031
2022-12-16,490.44549560546875,498.4306443649583,483.54475496378376,490.396216634822,1034304
2022-12-19,492.9593505859375,498.5785374362597,480.3408647865893,490.4455212546499,555420
2022-12-20,504.49346923828125,510.6548452670829,486.9951613164845,494.783134599921,582416
2022-12-21,484.185546875,512.5771844378443,481.03094053569015,512.5771844378443,890405
2022-12-22,470.77838134765625,491.0862816242013,458.948540031398,486.60081215905694,691206
2022-12-23,436.5211486816406,466.1450621243784,427.2051663514215,466.1450621243784,665561
2022-12-26,469.39825439453125,472.20784781499196,425.2335240858555,436.22541264746127,755176
2022-12-27,465.40570068359375,477.23554253065896,462.694695260308,471.76422262548516,258185
2022-12-28,464.8634948730469,468.2645865355057,459.3922048958856,466.2929461711457,185355
2022-12-29,473.78515625,478.12275876616786,458.80067837431915,462.34963682749014,248144
2022-12-30,474.3766784667969,479.99583539233953,465.30712085683615,479.99583539233953,205225
2023-01-02,469.5461120605469,476.84120503100166,467.4759138722832,475.165298789715,155271
2023-01-03,459.7864990234375,470.6798294257506,456.4347166245883,469.2996571866575,203309
2023-01-04,455.5474853515625,465.3070985629265,453.23080204302005,463.1382822560267,228338
2023-01-05,460.032958984375,467.08156691738947,453.87158315397016,457.86417274297827,234338
2023-01-06,451.20989990234375,462.10320065177063,449.5832725681745,461.7581575783152,194274
2023-01-09,466.78582763671875,470.92628418190014,452.54071484385753,453.4772559934332,261468
2023-01-10,461.36383056640625,476.15113282815,452.5407281829617,467.27875147110376,308502
2023-01-11,459.047119140625,467.0815468615164,457.4205220082107,463.6804856000758,136343
2023-01-12,470.482666015625,476.0525438393861,461.36382963920903,461.36382963920903,343490
2023-01-13,469.94049072265625,477.53128803970253,466.68726608548417,472.7993632208904,178245
2023-01-16,465.701416015625,479.9958076741191,462.3496336437052,469.9897395301417,228885
2023-01-17,507.4508972167969,511.64063264792145,464.8634568006053,468.06737213028885,4634894
2023-01-18,501.1909484863281,513.6122881514901,490.93842514288303,508.5352904099494,2377996
2023-01-19,495.3746032714844,501.53597893406504,487.38945439581147,499.51505975067545,570583
2023-01-20,484.33343505859375,499.7122356504526,480.6366094396298,497.3462732712844,404433
2023-01-23,470.6798400878906,486.7486964114346,468.264568699608,485.8121552400981,265341
2023-01-24,463.0890197753906,473.0950883741115,458.9485630728919,470.6798470350237,419287
2023-01-25,470.2362060546875,486.00932827035837,459.98368263147006,463.3354650853315,992261
2023-01-27,454.01947021484375,474.573826910104,447.75953616247216,472.6021865572703,594901
2023-01-30,463.33544921875,467.278729637633,454.610935275003,454.610935275003,329386
2023-01-31,506.07073974609375,513.8587428421756,459.3921806512304,467.18015366246937,1720014
2023-02-01,512.5279541015625,527.315257333925,491.97356650676403,504.49349527743584,1736759
2023-02-02,512.3800048828125,530.3712219854798,489.70614223287566,498.08561321220014,2318567
2023-02-03,499.76153564453125,522.4846780029881,494.43808278190915,503.80337418007593,538938
2023-02-06,485.6642761230469,508.63390297099363,482.1153176739175,501.1909430137507,559450
2023-02-07,474.4215087890625,489.2766615550943,469.60226666017485,489.2766615550943,599954
2023-02-08,483.7618713378906,491.0652556706529,467.56524555603653,477.75022885489483,542040
2023-02-09,476.4088439941406,486.544126842638,473.27880029521833,486.544126842638,382585
2023-02-10,468.7576599121094,477.7502430601013,466.0251033360451,474.9680157668008,344216
2023-02-13,464.38555908203125,470.9933714136459,460.46060219065004,469.99971451192937,370329
2023-02-14,461.05682373046875,473.5272062944393,451.3189977726594,466.86972293928505,444167
2023-02-15,450.8221740722656,460.8084143727363,447.2450029578867,457.08220077942576,566410
2023-02-16,454.3496398925781,462.1001519645341,451.1202548085959,453.10756870643115,351430
2023-02-17,452.2132873535156,459.06951429441057,449.5304014390766,454.3496437470113,202038
2023-02-20,449.083251953125,455.14453483613687,448.1392657603924,454.0018354560938,170828
2023-02-21,436.76190185546875,452.262956397501,433.4828460379636,451.3686712039999,258306
2023-02-22,432.93634033203125,441.1340100765115,422.9997709447824,433.4828395187286,429861
2023-02-23,432.19110107421875,440.83589831565564,427.272487058709,436.2153995785424,279456
2023-02-24,431.0483703613281,439.69319790741423,426.4278716345594,435.22174165750835,185053
2023-02-27,423.4468994140625,436.46381140816766,418.7767299849736,430.94902751428504,222954
2023-02-28,425.9310302734375,430.15407215944595,417.9321042424814,425.2851593439073,380137
2023-03-01,433.58221435546875,442.17734087165644,425.2851727934134,425.2851727934134,311539
2023-03-02,440.8359069824219,449.23232047627243,435.221751188287,437.20906512065363,382709
2023-03-03,443.4194030761719,446.84753159930307,435.81793365966666,443.5684455502204,235707
2023-03-06,451.0208740234375,454.4986732750542,442.8729053997658,445.1583042069413,261608
2023-03-08,446.3009948730469,452.4119788021633,443.0219392010339,448.8348381868773,182531
2023-03-09,445.60546875,450.12659571644684,438.00396886777116,446.3010104165284,312216
2023-03-10,433.1350402832031,441.87923927104896,429.11074193400293,441.0346248341544,397639
2023-03-13,420.3665466308594,435.6688874127209,415.34859132932854,427.32214505025,595867
2023-03-14,417.4352722167969,424.24182808674175,405.4616883067765,417.83272891434063,342893
2023-03-15,425.08642578125,436.1160238535552,420.51562812743265,422.99977047146524,342608
2023-03-16,425.781982421875,432.24075228358373,411.075872404816,423.24816945188246,291088
2023-03-17,428.564208984375,437.25870686229587,413.0134845589511,424.2914964425404,341006
2023-03-20,422.4532470703125,432.2407741121351,419.17419125837364,420.81371916434307,266662
2023-03-21,417.6340026855469,429.6075870910423,414.3549468901185,424.5896013143978,240981
2023-03-22,426.9246826171875,429.2597824057228,418.3295564648363,419.7703711048267,140906
2023-03-23,426.9246826171875,434.97330960209524,421.4595696467442,422.3041840797041,216324
2023-03-24,421.9564208984375,428.1667768822365,419.8200645048114,428.1667768822365,139251
2023-03-27,420.515625,425.6826228427581,413.36128297279276,419.52196806977696,326600
2023-03-28,433.2840881347656,440.2893876199912,414.35493592533174,418.3295636080688,359261
2023-03-29,464.78302001953125,468.01240497958145,430.30311308570214,435.47014115138336,743952
2023-03-31,485.00396728515625,490.8168665545034,457.4796574177882,467.0187702797933,650429
2023-04-03,467.6646423339844,484.059982180112,462.1001572911039,481.8242540192764,355560
2023-04-05,457.8274230957031,471.9870341192816,455.3929515269606,471.9870341192816,224352
2023-04-06,472.7322998046875,474.9680279698174,450.07693319430615,456.03887496798586,391568
2023-04-10,467.4162292480469,479.73756952227524,463.19318715604095,471.9870573418424,284687
2023-04-11,456.1382141113281,473.9743686241661,454.299972999557,468.90671207722016,325656
2023-04-12,455.4426574707031,467.01875457788634,451.31898729827344,457.1318560481789,212047
2023-04-13,457.8771057128906,471.98704638711735,451.6170791219891,457.7280632367269,489177
2023-04-17,455.9394836425781,465.92572355538016,453.1075553567976,457.8770964414786,309166
2023-04-18,457.92681884765625,467.7143460275946,452.1139195317332,454.64773266544125,351336
2023-04-19,452.9088134765625,464.03778314628875,452.11390006758324,457.5790131453233,239709
2023-04-20,457.1318664550781,464.93207955583085,454.2005966550779,455.9394963127742,383992
2023-04-21,449.9775390625,460.3612356076943,443.56843984482316,459.7650657191683,329354
2023-04-24,451.9648742675781,469.7513277846828,450.32534634857194,453.0579029882502,562152
2023-04-25,457.8771057128906,464.3358758213459,454.101221471395,454.2005932301719,343545
2023-04-26,471.0927429199219,472.781941457547,454.39928878549523,460.21218772226877,920404
2023-04-27,480.234375,482.9172608007161,463.2428660088065,471.98703473321024,1408481
2023-04-28,476.7069091796875,484.6561645698647,471.9870387917698,481.9236080294913,397820
2023-05-02,463.9881286621094,484.90459549815574,462.14985722503076,476.95533983425156,311228
2023-05-03,461.90142822265625,468.45957000057257,458.0758429918715,465.08111219218944,538726
2023-05-04,466.7206726074219,481.4764537731623,461.90143042740425,461.90143042740425,816831
2023-05-05,461.3548889160156,470.74495879896796,459.0694901638484,464.93205983923565,253656
2023-05-08,456.0388488769531,466.0250886469293,454.44899176346377,463.24286144132464,431330
2023-05-09,447.4436950683594,459.5663215168924,446.1519532131561,458.9701213052592,392023
2023-05-10,444.2640075683594,452.6107194919953,442.2269927220182,449.08324961457845,1054537
2023-05-11,439.34539794921875,450.82215348696957,437.20904165140445,445.9532103548315,410618
2023-05-12,438.20269775390625,446.54940974156113,436.7122123873964,441.4320827146777,244454
2023-05-15,445.9532165527344,455.0948724075527,433.6815777677592,441.1836754343961,985791
2023-05-16,437.05999755859375,452.9088070652859,434.37711177426223,447.74180933205804,866839
2023-05-17,461.40460205078125,466.025100715893,437.85492065259444,438.9976200586324,946060
2023-05-18,457.8274230957031,470.7449629768624,455.4426525670588,464.03777880779893,342607
2023-05-19,451.4680480957031,459.8147605365908,441.77989268731466,459.8147605365908,429153
2023-05-22,440.73651123046875,455.4923224398911,438.7988984462835,451.46802407550433,310799
2023-05-23,439.84222412109375,448.63609381888904,438.45111051513794,443.17098082663233,469664
2023-05-24,441.0843200683594,456.9331607670619,438.74922013914556,438.74922013914556,998872
2023-05-25,437.45745849609375,445.35704313005357,436.31475910428895,443.17098577912054,611463
2023-05-26,434.67523193359375,441.18367263223854,430.65090321180344,441.18367263223854,371356
2023-05-29,433.0356750488281,440.19001702626014,431.59489070443055,436.21538933302077,758417
2023-05-30,432.43951416015625,440.04098371698643,429.4088422865419,440.04098371698643,868725
2023-05-31,442.9722595214844,445.158316957574,431.84331979194735,435.17207666435496,2057158
2023-06-01,440.1403503417969,446.10229193627293,437.30842201962014,444.66147725467334,794149
2023-06-02,468.06207275390625,475.4648288223292,445.80416415701353,447.0462352876884,2671362
2023-06-05,467.5155944824219,480.68154905605013,462.05048126317996,472.9807077016638,922125
2023-06-06,473.2291259765625,479.290439481693,467.51559847133365,467.51559847133365,749983
2023-06-07,473.974365234375,482.37077859297113,471.98705133402126,474.9680221845519,418357
2023-06-08,480.0356750488281,488.7798440143612,468.0124199782176,472.08641950779685,1007408
2023-06-09,487.78619384765625,492.953222150704,478.3464527615524,487.8855656081002,678877
2023-06-12,483.0166320800781,495.8348002090589,480.92994649535973,490.86651563782584,397622
2023-06-13,498.4679870605469,505.47328652980883,477.65089281405136,483.4140908112858,2871414
2023-06-14,492.8538513183594,506.56630521334125,490.8665374017531,501.7967639430877,469113
2023-06-15,495.5863952636719,504.82739260966395,487.7365115588825,491.9098524824905,661152
2023-06-16,509.39825439453125,521.1233941533468,504.82739608312414,507.75869618482966,1468881
2023-06-19,512.0810546875,520.5768696267709,506.8643863320215,512.0313839725343,1061399
2023-06-20,489.92254638671875,503.1382019977461,482.3210767945884,486.8422341052044,2269108
2023-06-21,483.61285400390625,491.0155801529672,478.24708216689083,488.2830235161183,1253128
2023-06-22,475.0673828125,491.6614352972168,472.7322829695001,483.61283844858315,674052
2023-06-23,470.9437255859375,480.28409489087943,463.0441406702238,471.53989549927127,397969
2023-06-26,481.0293273925781,485.89824030010993,464.0874584883258,471.73862900302083,553446
2023-06-27,493.3506774902344,503.287247026795,481.9236225231897,481.9236225231897,1311968
2023-06-28,498.3189392089844,504.77770910900114,488.879198585883,496.82845384744206,585236
2023-06-30,502.442626953125,509.64667011086703,492.5060575272786,496.82847129232243,770378
2023-07-03,496.2322692871094,514.0683931483077,494.34432716775177,497.8221264543591,544256
2023-07-04,501.4986572265625,507.659311906346,497.3749567693173,499.2629291673825,1356934
2023-07-05,504.7777099609375,511.18680915598736,501.49865428961107,504.72803924506985,435537
2023-07-06,509.0007629394531,520.4774883636844,503.7343933343953,503.78406405134746,4157383
2023-07-07,506.6656494140625,511.4352207488807,502.88976530750006,509.00074920385873,805077
2023-07-10,536.6243896484375,541.5430033682636,504.77769855243656,506.7650123262651,1306028
2023-07-11,534.8358154296875,545.3188833795726,528.7745327234989,541.5429993667992,533008
2023-07-12,538.9595336914062,543.1328442062163,532.7491779872188,535.5810759291263,312418
2023-07-13,533.1466064453125,542.0398479780362,527.6318226880609,542.0398479780362,514557
2023-07-14,543.8284301757812,546.5113160386633,534.5377620623266,535.4817482832674,501563
2023-07-17,547.2565307617188,550.982744089647,541.5430036588956,549.2438445366138,437062
2023-07-18,551.628662109375,560.7205865173459,542.5366770533989,546.5113047241198,751771
2023-07-19,551.9764404296875,560.9193530559111,549.6413708364878,556.4478967427993,256544
2023-07-20,558.5842895507812,562.4098446233801,550.6350337963872,553.1688469384986,256414
2023-07-21,564.4964599609375,569.1666595149964,556.44786333969,556.44786333969,310145
2023-07-24,561.763916015625,576.0229292204604,558.7829452526914,564.148716885174,331762
2023-07-25,571.3527221679688,576.3210067085598,562.4594807107098,564.5958673223658,275285
2023-07-26,575.7745361328125,591.9214616916221,569.2660951910169,573.3400644574212,326702
2023-07-27,579.3516845703125,588.2945973055826,560.2734586054679,578.6561125613009,946943
2023-07-28,565.738525390625,581.1899385301831,563.4034559610988,578.3083092934029,388372
2023-07-31,586.4066772460938,589.8844765944867,565.7385640286665,567.3781222663977,795959
2023-08-01,615.6697998046875,621.0355714007924,586.8537492916907,589.38762294141,1318365
2023-08-02,584.5186767578125,615.6697965978158,577.9605654171817,615.6697965978158,600793
2023-08-03,571.8495483398438,585.2639165459043,568.3717491753094,583.674089758462,427991
2023-08-04,591.1762084960938,598.2311485098587,571.2533989816104,575.9235380805218,380659
2023-08-07,584.270263671875,594.0080892701386,579.5503933445937,594.0080892701386,191440
2023-08-08,587.7977294921875,593.7100002011978,579.4510478865299,584.2702596122248,375842
2023-08-09,579.7491455078125,594.5545973139449,576.420358417463,588.294570810788,196380
2023-08-10,571.0546264648438,582.4320099780159,561.1677282857639,577.5630669607796,665953
2023-08-11,566.9806518554688,579.2523520192765,565.3908249373443,573.2904101042957,202948
2023-08-14,557.1434326171875,567.3780864961869,552.2248188620945,567.3780864961869,253185
2023-08-16,564.8442993164062,571.79989789202,552.8707453265582,557.4415429884732,268137
2023-08-17,565.24169921875,574.284013332171,562.2110578252643,567.6761707357481,267609
2023-08-18,571.5514526367188,597.1877881515611,566.3844247028118,566.3844247028118,557051
2023-08-21,574.0852661132812,592.2195042899449,560.521825354822,574.4330217643173,1556475
2023-08-22,604.4415283203125,608.9626554460898,577.3147049176397,577.3147049176397,1098440
2023-08-23,579.8981323242188,606.3294417855343,576.3706625212095,606.3294417855343,480191
2023-08-24,580.2459716796875,593.2131823810286,578.904498446304,583.2766131619157,304059
2023-08-25,582.5810546875,591.2258822380613,577.2153435736394,583.1772852432669,356107
2023-08-28,589.53662109375,591.6233369529197,578.6063952965869,578.6063952965869,241597
2023-08-29,584.1709594726562,591.2258997312543,581.4880735123412,591.2258997312543,122046
2023-08-30,573.9362182617188,589.4373027518491,570.458419008216,588.344243740516,260321
2023-08-31,602.8516845703125,608.1180542833611,576.3210318371722,579.6994897312827,862711
2023-09-01,591.4246215820312,605.1370751957827,588.7914064373298,605.1370751957827,166250
2023-09-04,593.7597045898438,595.7966892291735,587.2512636284699,591.2258914702869,222940
2023-09-05,598.4298706054688,612.2913965498414,591.8220279327736,596.1444718552148,328488
2023-09-06,590.6793823242188,603.149764838309,583.9225272365211,600.1687940071477,613937
2023-09-07,585.0155029296875,597.0884585869287,583.6740903668849,593.213172397492,930958
2023-09-08,610.65185546875,618.7005130072512,587.6487338803315,591.2755452935521,910354
2023-09-11,614.0303344726562,644.386542664408,607.7205763476617,620.886531151522,662178
2023-09-12,574.6814575195312,618.7501784711199,569.3654172373377,614.0799788004795,1116259
2023-09-13,580.8421630859375,585.7607771611672,566.8812949456249,578.3083499708215,287351
2023-09-14,586.853759765625,593.2131883894717,578.9542356748234,587.1519053636226,496142
2023-09-15,581.6370849609375,602.9510391641226,570.3591025751446,591.1265575727114,476007
2023-09-18,582.879150390625,595.2005209942841,580.7924950269768,587.5990209661222,275802
2023-09-20,586.3072509765625,590.3315493555284,579.6497375118012,582.7797810554442,333977
2023-09-21,581.3389892578125,594.2068589516683,578.4076891116434,585.3632877950241,216181
2023-09-22,572.1973266601562,588.1952398394469,567.62652897922,583.1772844043304,519666
2023-09-25,571.9986572265625,586.0091961999481,570.1603554490846,573.340069872607,1162580
2023-09-26,576.0726318359375,587.7977720231345,573.3400751519379,573.3400751519379,236352
2023-09-27,581.4383544921875,591.1761799021634,576.7681549711572,576.7681549711572,550412
2023-09-28,590.1328735351562,601.0630997382805,582.9288608103698,584.7671018671475,447563
2023-09-29,593.7597045898438,598.1814901934667,587.3506050653122,591.1265500334447,335764
2023-10-03,608.4161376953125,611.0990235870032,593.8093684165583,594.6043424941016,426694
2023-10-04,608.565185546875,614.8748826546414,602.255427791104,603.6465717217634,354832
2023-10-05,608.2174072265625,614.7259089000612,601.1624669970403,609.1117227589846,214770
2023-10-06,631.9658203125,635.9404481132076,609.9066238889717,611.5958528338739,393308
2023-10-09,623.42041015625,634.9468068030168,616.1169950037481,634.9468068030168,272919
2023-10-10,630.2765502929688,635.8410652401286,624.0165240444169,624.0165240444169,125170
2023-10-11,621.6317749023438,635.7417159771084,619.0482910448271,631.9161609096302,124535
2023-10-12,634.4002685546875,640.2131372394698,619.2470006237884,623.0228847654934,251630
2023-10-13,627.2955932617188,637.8780635805081,621.0355668771975,634.3505936902465,109062
2023-10-16,668.0355224609375,698.9382884730715,629.7797317696751,636.8347321560871,2327648
2023-10-17,661.0799560546875,679.2141953743377,658.0989852076217,672.6560837699958,314389
2023-10-18,643.8400268554688,680.6550043787626,639.3188999048899,665.6508088334115,727816
2023-10-19,652.1867065429688,697.5471699902861,642.3495392524223,670.7184326829673,3487258
2023-10-20,638.5736694335938,664.7565060634363,635.94045423109,655.8135934258116,541987
2023-10-23,608.8135986328125,644.6349179761033,603.5968998746243,642.6972748791754,1185615
2023-10-25,615.6697998046875,633.9531112859288,608.1180315156558,608.8136034852258,721735
2023-10-26,593.8590698242188,614.0799634555017,578.5567293235694,614.0799634555017,749481
2023-10-27,602.6529541015625,615.7195675552186,597.8337420418994,597.8337420418994,332735
2023-10-30,595.4985961914062,625.8548037918346,592.2195403959963,620.9362504227231,675364
2023-10-31,615.7692260742188,619.3960375648686,598.479570828028,602.1561136847475,472334
2023-11-01,604.6402587890625,618.9489432398227,601.1624594369479,616.9118979580352,601002
2023-11-02,604.590576171875,612.8875873465666,599.3738772463726,612.8875873465666,162359
2023-11-03,613.83154296875,616.5640994125607,603.1497314156718,610.9996450952749,150447
2023-11-06,609.2608032226562,618.9489588043143,604.540932554669,617.0113155583808,150961
2023-11-07,611.3970947265625,615.7195387455046,605.2364096528556,609.1116959252857,195624
2023-11-08,606.8262939453125,617.060948104727,604.1434081282996,616.0672911834633,236930
2023-11-09,614.0303344726562,618.4521201024223,603.1497785617512,613.8315909497888,158497
2023-11-10,613.6328125,617.0609409683137,607.4224568139259,614.0302995231107,97662
2023-11-13,619.4954223632812,626.7987765068659,605.1867383761697,608.1180384361412,264044
2023-11-15,628.4383544921875,632.8601400797912,616.1169839679894,627.9911967320014,318558
2023-11-16,638.225830078125,640.9087159022005,628.0905173249542,628.4880043537082,326792
2023-11-17,616.8621826171875,632.959436297848,612.1919831240077,630.8230497340307,339791
2023-11-20,604.09375,620.4394188250008,601.1624498915884,619.1973476475388,388032
2023-11-21,594.0578002929688,614.8749261206018,590.5303301491571,606.1804275593715,574446
2023-11-22,576.6190795898438,602.950987104173,574.3336808785781,598.8273474105424,597992
2023-11-23,599.4732055664062,617.0609451172228,576.3210115426558,576.3210115426558,1131616
2023-11-24,599.9203491210938,605.882290478819,593.163494378606,601.1624202372865,205890
2023-11-28,592.4679565429688,602.0567703713787,589.6360584941675,599.9203836692955,160107
2023-11-29,595.9457397460938,599.8706967227096,591.2258693604432,595.2004970536226,213322
2023-11-30,604.6402587890625,606.130744225683,588.5430039439592,596.8897466482373,580154
2023-12-01,608.5155029296875,616.067271024986,599.5228595680975,605.1370452487362,254156
2023-12-04,628.4383544921875,638.424594778973,610.1053715086217,614.9743148564114,758529
2023-12-05,621.7311401367188,637.4805778863275,617.5577689890102,630.9721372614988,315036
2023-12-06,632.263916015625,634.2015592310088,618.1043042349091,621.929919946925,284543
2023-12-07,628.388671875,635.8410989102917,621.6317561779304,635.8410989102917,161188
2023-12-08,627.5936889648438,637.4805874886489,617.0609498292156,634.4002752833253,240744
2023-12-11,624.6624755859375,633.9531439536411,618.0546325065278,633.9531439536411,238406
2023-12-12,653.6275024414062,657.8008735877269,625.1095370308873,626.7987659053509,849548
2023-12-13,659.937255859375,667.6877675669816,651.9382692782126,655.8632261715275,507043
2023-12-14,660.3843994140625,668.6814715200987,657.6021720217185,666.5450847708298,230543
2023-12-15,644.5355834960938,665.1042331603824,638.0270821710888,663.9118933783406,481396
2023-12-18,639.020751953125,652.2364377342014,629.8791566507349,644.4361943896104,364107
2023-12-19,659.5894775390625,666.7438197765496,641.0080802681473,642.7967113135248,486863
2023-12-20,615.3220825195312,667.5387444898913,608.5155564916798,651.0937336631778,984353
2023-12-21,591.3749389648438,600.3675219425031,571.6011420388479,579.600068098578,3388145
2023-12-22,568.9679565429688,600.4172238905213,548.7470614704847,577.3643700658264,26092849
2023-12-26,588.6423950195312,591.0271352847192,563.1550702707905,569.365426140561,4364480
2023-12-27,581.7364501953125,593.2131753783069,575.8738501660403,589.2385477375813,2192266
2023-12-28,593.6106567382812,594.7036550698513,581.6867739298632,585.2639145131869,1334083
2023-12-29,594.3558959960938,600.1687645725702,588.7417102802117,590.2321956226932,1846627
2024-01-01,598.9266967773438,604.9383088957777,584.0218432698197,585.2639143954467,755028
2024-01-02,611.3970947265625,613.2850671460552,592.6666859218307,602.6032551865172,1047716
2024-01-03,603.1497802734375,615.0736639032253,600.1688093659906,609.211063526043,826485
2024-01-04,630.6243896484375,633.4562876162255,599.175123815818,605.1370653463237,1549128
2024-01-05,637.5800170898438,650.7459719016664,626.0038891659059,645.8273577857611,1892805
2024-01-08,617.3093872070312,643.1941389192698,606.130746392417,640.7099965160221,950503
2024-01-09,623.1222534179688,629.7797671588556,615.2723998471981,617.0609702400315,855749
2024-01-10,622.923583984375,626.8982118977594,617.0113128336139,619.0482975096216,762099
2024-01-11,649.50390625,656.7079193218783,626.0038945218416,626.0038945218416,1395390
2024-01-12,645.1814575195312,653.7766145562873,637.9277737790595,653.7269438374639,237366
2024-01-15,657.0059814453125,665.4520654428678,640.9087268733117,649.8516393413114,829494
2024-01-16,639.7659912109375,664.7068165852199,625.0102100345081,658.7945457120491,913002
2024-01-17,646.3241577148438,658.5957964550691,629.9784892013895,630.9224754078697,700738
2024-01-18,634.748046875,665.7501558125907,626.4013648924225,639.9647458571136,3082575
2024-01-19,651.4912109375,656.7079099843406,631.9658273886934,639.9150830791172,896854
2024-01-23,620.8865356445312,654.5218605869755,608.6645669998417,644.7840343760851,1107839
2024-01-24,608.66455078125,621.4827496573004,596.1941682254686,620.8865191002707,955540
2024-01-25,601.75,622.9000244140625,598.6500244140625,618.7000122070312,769310
2024-01-29,617.4500122070312,627.4500122070312,605.5999755859375,607.8499755859375,789564
2024-01-30,612.5499877929688,627.2999877929688,610.7999877929688,614.0,945740
2024-01-31,623.4500122070312,628.7999877929688,609.0,614.0,694477
2024-02-01,605.9500122070312,634.0,602.1500244140625,626.0,596237
2024-02-02,598.25,613.5499877929688,591.0,608.25,794448
2024-02-05,594.0,597.5999755859375,583.2000122070312,596.1500244140625,785505
2024-02-06,594.6500244140625,601.8499755859375,587.2999877929688,596.0,427710
2024-02-07,606.0,611.25,592.25,592.5499877929688,639601
2024-02-08,591.3499755859375,611.0,590.0,606.0,409416
2024-02-09,582.5999755859375,595.0,579.75,592.9000244140625,739082
2024-02-12,572.5499877929688,586.0999755859375,568.8499755859375,585.0499877929688,343947
2024-02-13,575.0499877929688,579.9000244140625,561.4500122070312,573.0,552617
2024-02-14,574.4000244140625,578.75,569.0999755859375,575.0499877929688,402428
2024-02-15,579.2000122070312,589.7999877929688,574.0,587.0,497574
2024-02-16,606.4000244140625,610.75,574.0,578.1500244140625,1189184
2024-02-19,613.75,618.9500122070312,600.7000122070312,609.9500122070312,420061
2024-02-20,599.75,617.2000122070312,596.4500122070312,610.2000122070312,247991
2024-02-21,602.4500122070312,611.5,598.9500122070312,602.0,291746
2024-02-22,599.0999755859375,607.0499877929688,595.7999877929688,602.9000244140625,274188
2024-02-23,601.0,604.3499755859375,597.7999877929688,599.7999877929688,194800
2024-02-26,609.25,612.2000122070312,599.9000244140625,600.8499755859375,317796
2024-02-27,607.9000244140625,619.7000122070312,600.0999755859375,614.0,752295
2024-02-28,581.25,611.2999877929688,568.75,610.2999877929688,2055656
2024-02-29,590.3499755859375,603.0,575.9500122070312,580.0,907392
2024-03-01,622.2999877929688,624.5,588.4000244140625,593.8499755859375,1410926
2024-03-04,597.1500244140625,620.2999877929688,595.0,617.25,416912
2024-03-05,477.75,477.75,477.75,477.75,499833
2024-03-06,382.20001220703125,382.20001220703125,382.20001220703125,382.20001220703125,8449805
2024-03-07,420.25,420.3999938964844,392.54998779296875,393.0,16327216
2024-03-11,390.20001220703125,423.3999938964844,381.1000061035156,423.3999938964844,4483701
2024-03-12,397.25,405.0,380.1000061035156,392.70001220703125,2382734
2024-03-13,384.1499938964844,404.8999938964844,375.5,400.0,1619141
2024-03-14,370.54998779296875,389.70001220703125,365.0,380.0,2034852
2024-03-15,367.70001220703125,376.79998779296875,360.0,369.1000061035156,1217784
2024-03-18,367.8500061035156,377.79998779296875,364.6000061035156,365.0,867504
2024-03-19,359.45001220703125,372.3500061035156,359.0,370.0,1090231
2024-03-20,336.54998779296875,361.6000061035156,335.29998779296875,360.0,2748658
2024-03-21,336.29998779296875,348.79998779296875,329.95001220703125,340.0,3365695
2024-03-22,334.25,347.70001220703125,333.0,339.70001220703125,2037443
2024-03-26,321.3999938964844,332.1000061035156,316.1000061035156,331.29998779296875,3659848
2024-03-27,351.95001220703125,353.5,313.25,326.0,8199702
2024-03-28,340.1000061035156,368.5,337.70001220703125,357.95001220703125,5256072
2024-04-01,345.45001220703125,356.3500061035156,342.20001220703125,346.5,2150228
2024-04-02,349.6499938964844,352.1499938964844,342.75,349.0,1640142
2024-04-03,351.70001220703125,356.20001220703125,347.20001220703125,351.95001220703125,3068232
2024-04-04,355.1000061035156,364.0,350.25,357.25,2468444
2024-04-05,401.25,411.0,355.25,358.75,15834428
2024-04-08,424.8500061035156,440.0,400.25,405.0,11996177
2024-04-09,443.79998779296875,449.3999938964844,426.54998779296875,426.6000061035156,9201496
2024-04-10,436.1499938964844,445.0,431.3999938964844,444.75,3889771
2024-04-12,420.45001220703125,446.04998779296875,418.0,436.1499938964844,2132904
2024-04-15,418.8507080078125,423.5132141113281,383.68743896484375,391.50689697265625,3442743
2024-04-16,409.9627380371094,423.5132141113281,407.0000915527344,418.99639892578125,1239624
2024-04-18,407.6314697265625,421.1333923339844,406.0773010253906,414.7709655761719,1290885
2024-04-19,394.46954345703125,405.057373046875,389.9041442871094,403.1632080078125,1039796
2024-04-22,408.3599853515625,416.22802734375,397.2864990234375,397.2864990234375,1559767
2024-04-23,410.20001220703125,413.70001220703125,406.0,408.8999938964844,945619
2024-04-24,410.54998779296875,415.79998779296875,408.5,410.1000061035156,715669
2024-04-25,418.1499938964844,422.70001220703125,408.0,412.8500061035156,1158973
2024-04-26,414.95001220703125,424.95001220703125,413.1000061035156,421.70001220703125,728719
2024-04-29,412.54998779296875,419.5,410.0,417.3999938964844,531739
2024-04-30,406.0,415.3999938964844,405.25,415.0,856411
2024-05-02,397.79998779296875,408.20001220703125,395.0,406.0,1016594
2024-05-03,401.3500061035156,405.1000061035156,397.0,401.6000061035156,786316
2024-05-06,381.0,404.20001220703125,366.54998779296875,404.20001220703125,1466809
2024-05-07,389.0,418.70001220703125,382.0,385.8999938964844,8986943
2024-05-08,389.75,393.29998779296875,382.6000061035156,390.6000061035156,877079
2024-05-09,376.3999938964844,395.0,372.0,390.8999938964844,693624
2024-05-10,399.79998779296875,403.5,368.25,378.20001220703125,4039230
2024-05-13,396.1499938964844,402.0,385.3500061035156,401.79998779296875,821713
2024-05-14,400.8500061035156,406.8500061035156,392.0,397.8999938964844,926983
2024-05-15,395.79998779296875,405.3999938964844,394.25,401.8500061035156,522687
2024-05-16,393.70001220703125,400.95001220703125,392.79998779296875,398.45001220703125,517029
2024-05-17,399.70001220703125,405.0,396.6000061035156,400.0,697514
2024-05-21,398.04998779296875,404.95001220703125,395.6499938964844,401.5,565591
2024-05-22,399.70001220703125,406.75,396.95001220703125,401.0,438093
2024-05-23,397.29998779296875,402.75,394.8999938964844,397.70001220703125,619985
2024-05-24,393.3999938964844,402.3999938964844,392.20001220703125,394.3500061035156,646612
2024-05-27,398.6000061035156,399.8999938964844,393.1499938964844,394.3500061035156,694409
2024-05-28,399.1499938964844,412.70001220703125,397.04998779296875,399.8999938964844,2322950
2024-05-29,411.1499938964844,414.5,398.6499938964844,405.1000061035156,2008347
2024-05-30,406.1000061035156,411.8999938964844,403.20001220703125,410.0,855350
2024-05-31,399.25,410.95001220703125,396.0,408.8999938964844,1217981
2024-06-03,400.79998779296875,410.95001220703125,393.0,410.1499938964844,1255708
2024-06-04,382.6000061035156,400.0,340.79998779296875,400.0,1639192
2024-06-05,402.3999938964844,406.8500061035156,378.20001220703125,394.95001220703125,2035176
2024-06-06,414.20001220703125,416.0,406.3999938964844,410.3999938964844,1258376
2024-06-07,470.5,478.1499938964844,415.20001220703125,417.3999938964844,15354824
2024-06-10,489.95001220703125,499.0,469.0,474.8999938964844,9279988
2024-06-11,472.1000061035156,498.95001220703125,470.0,486.54998779296875,6135846
2024-06-12,473.1499938964844,482.8999938964844,470.3999938964844,474.0,2498832
2024-06-13,472.3500061035156,479.0,470.6499938964844,479.0,1328694
2024-06-14,470.6499938964844,481.95001220703125,465.3999938964844,475.8999938964844,1928172
2024-06-18,481.75,508.3500061035156,467.5,468.0,8975120
2024-06-19,473.20001220703125,487.3999938964844,470.20001220703125,484.8999938964844,1710522
2024-06-20,475.95001220703125,486.0,472.8999938964844,474.0,1911142
2024-06-21,475.54998779296875,479.75,469.04998779296875,479.75,1336123
2024-06-24,470.6499938964844,477.45001220703125,470.0,475.54998779296875,806484
2024-06-25,460.1000061035156,475.0,456.95001220703125,472.8500061035156,787412
2024-06-26,493.54998779296875,497.29998779296875,459.0,460.1000061035156,9003056
2024-06-27,479.8500061035156,504.8500061035156,474.25,495.0,7012432
2024-06-28,517.5999755859375,521.4000244140625,481.95001220703125,484.79998779296875,8205316
2024-07-01,510.8500061035156,520.4000244140625,502.0,514.0,3870621
2024-07-02,519.7000122070312,533.0,506.5,515.75,5680686
2024-07-03,523.9500122070312,535.5999755859375,514.0999755859375,524.5,3723212
2024-07-04,520.5,531.0,516.8499755859375,530.0,1811008
2024-07-05,523.0999755859375,528.3499755859375,514.7999877929688,524.4500122070312,1560730
2024-07-08,511.6000061035156,526.0,507.20001220703125,523.0,1667183
2024-07-09,501.29998779296875,516.0,498.1000061035156,511.0,1993076
2024-07-10,483.20001220703125,504.0,475.0,504.0,1928365
2024-07-11,498.3500061035156,508.8999938964844,485.95001220703125,486.0,3142404
2024-07-12,490.75,507.8999938964844,487.0,503.45001220703125,1568123
2024-07-15,487.5,498.54998779296875,480.8999938964844,494.3500061035156,1337928
2024-07-16,484.54998779296875,491.95001220703125,482.0,489.0,634059
2024-07-18,471.95001220703125,488.0,470.25,485.0,895300
2024-07-19,465.29998779296875,480.29998779296875,460.95001220703125,476.1000061035156,1344044
2024-07-22,465.54998779296875,472.0,455.75,458.20001220703125,627917
2024-07-23,450.3500061035156,474.95001220703125,406.04998779296875,468.8999938964844,1924163
2024-07-24,464.3999938964844,467.8500061035156,448.8999938964844,454.0,1019692
2024-07-25,453.0,458.95001220703125,449.1000061035156,457.45001220703125,710600
2024-07-26,451.1499938964844,458.95001220703125,449.0,454.75,687218
2024-07-29,445.3500061035156,462.3999938964844,443.20001220703125,456.0,1079688
2024-07-30,438.45001220703125,449.8999938964844,436.6000061035156,447.1499938964844,1198165
2024-07-31,442.04998779296875,448.0,432.0,442.6000061035156,1473582
2024-08-01,456.79998779296875,479.29998779296875,444.0,444.6000061035156,5350111
2024-08-02,450.54998779296875,469.79998779296875,448.1000061035156,454.8999938964844,1875542
2024-08-05,424.8999938964844,436.45001220703125,420.20001220703125,431.1499938964844,1649972
2024-08-06,430.8500061035156,436.75,421.79998779296875,430.75,1018619
2024-08-07,440.54998779296875,442.1000061035156,420.20001220703125,424.0,1620329
2024-08-08,429.45001220703125,439.3999938964844,428.0,438.79998779296875,712558
2024-08-09,423.0,437.0,421.25,437.0,611941
2024-08-12,419.1499938964844,422.3999938964844,400.20001220703125,412.0,1393528
2024-08-13,405.6499938964844,421.95001220703125,402.1000061035156,419.3500061035156,686267
2024-08-14,401.29998779296875,411.1499938964844,396.75,409.0,678700
2024-08-16,404.95001220703125,410.0,401.3500061035156,402.6499938964844,554839
2024-08-19,454.04998779296875,460.0,407.54998779296875,407.54998779296875,8139843
2024-08-20,459.8999938964844,468.45001220703125,452.25,458.0,3134460
2024-08-21,464.54998779296875,472.0,452.3999938964844,454.95001220703125,1602004
2024-08-22,467.75,469.6499938964844,459.0,465.04998779296875,966882
2024-08-23,458.70001220703125,469.3999938964844,457.1000061035156,468.8999938964844,1011981
2024-08-26,460.1000061035156,478.0,455.1499938964844,459.0,1547227
2024-08-27,462.8500061035156,466.5,459.04998779296875,461.95001220703125,468928
2024-08-28,455.75,464.95001220703125,453.54998779296875,464.95001220703125,653104
2024-08-29,450.8999938964844,460.0,444.04998779296875,455.0,747396
2024-08-30,456.29998779296875,464.3999938964844,449.04998779296875,452.20001220703125,1464585
2024-09-02,457.70001220703125,462.20001220703125,444.45001220703125,459.0,1423079
2024-09-03,470.1000061035156,472.1499938964844,456.3999938964844,458.0,1747259
2024-09-04,460.79998779296875,474.29998779296875,456.6000061035156,463.95001220703125,1306514
2024-09-05,468.8999938964844,474.70001220703125,458.8999938964844,462.20001220703125,1705335
2024-09-06,466.54998779296875,487.8500061035156,464.3500061035156,475.0,4209772
2024-09-09,467.0,471.29998779296875,450.75,469.6000061035156,1321810
2024-09-10,470.25,476.70001220703125,465.04998779296875,471.0,1126303
2024-09-11,467.8999938964844,478.0,464.1000061035156,473.04998779296875,1737098
2024-09-12,486.5,491.0,464.0,474.45001220703125,4009688
2024-09-13,521.4500122070312,530.0,475.75,480.1000061035156,11547446
2024-09-16,506.6499938964844,522.7000122070312,505.0,520.0,2973049
2024-09-17,515.7000122070312,520.4500122070312,495.8500061035156,511.8999938964844,6346918
2024-09-18,528.8499755859375,531.9000244140625,512.5499877929688,519.7999877929688,6530828
2024-09-19,495.95001220703125,533.9000244140625,482.0,531.0,12187663
2024-09-20,530.3499755859375,560.5999755859375,525.0999755859375,549.0,45196738
2024-09-23,511.20001220703125,533.9000244140625,507.04998779296875,533.5,6294026
2024-09-24,513.8499755859375,522.0,508.45001220703125,515.1500244140625,5613717
2024-09-25,499.1499938964844,518.7000122070312,497.0,516.0,3572716
2024-09-26,489.0,501.25,487.29998779296875,500.0,2518815
2024-09-27,477.79998779296875,496.45001220703125,476.20001220703125,491.04998779296875,1676690
2024-09-30,462.79998779296875,478.20001220703125,459.0,475.1499938964844,3314720
2024-10-01,467.25,482.5,463.25,464.3999938964844,4041328
2024-10-03,455.6499938964844,464.8999938964844,450.0,450.0,2190100
2024-10-04,461.0,471.45001220703125,448.25,457.0,3040817
2024-10-07,436.5,462.3999938964844,430.8500061035156,461.0,2256648
2024-10-08,458.54998779296875,461.0,432.54998779296875,439.54998779296875,2081498
2024-10-09,453.5,462.0,445.79998779296875,460.0,2112071
2024-10-10,454.6000061035156,473.75,453.0,455.0,2488652
2024-10-11,469.54998779296875,472.8500061035156,461.75,461.79998779296875,3271397
2024-10-14,471.45001220703125,477.25,463.20001220703125,471.8500061035156,1556716
2024-10-15,477.3500061035156,479.0,466.95001220703125,470.70001220703125,1002232
2024-10-16,468.95001220703125,482.3999938964844,466.79998779296875,482.3999938964844,1180361
2024-10-17,460.0,471.0,455.54998779296875,471.0,826643
2024-10-18,450.45001220703125,457.1499938964844,444.75,456.0,1282269
2024-10-21,436.6499938964844,457.20001220703125,433.8999938964844,452.3500061035156,1346254
2024-10-22,417.95001220703125,438.3500061035156,413.75,438.0,1518145
2024-10-23,420.04998779296875,425.6000061035156,415.5,418.95001220703125,1382706
2024-10-24,407.1499938964844,428.8500061035156,391.25,406.6000061035156,11982378
2024-10-25,397.45001220703125,412.3999938964844,395.20001220703125,403.54998779296875,2754288
2024-10-28,408.0,412.95001220703125,397.45001220703125,401.95001220703125,1686566
2024-10-29,423.8999938964844,427.0,401.5,406.95001220703125,1999115
2024-10-30,421.54998779296875,427.20001220703125,418.1000061035156,420.1000061035156,1189414
2024-10-31,436.79998779296875,439.0,418.1499938964844,420.0,1589964
2024-11-01,453.3500061035156,456.29998779296875,437.8999938964844,438.0,1240926
2024-11-04,448.3500061035156,463.25,441.1000061035156,460.8999938964844,1970771
2024-11-05,448.25,452.0,442.0,448.3500061035156,1004024
2024-11-06,457.04998779296875,475.29998779296875,450.6499938964844,451.0,4209037
2024-11-07,454.0,465.70001220703125,448.20001220703125,459.6000061035156,1814293
2024-11-08,442.8999938964844,455.5,440.8500061035156,453.95001220703125,944994
2024-11-11,441.3500061035156,448.45001220703125,439.1499938964844,442.8999938964844,873044
2024-11-12,433.1000061035156,444.6499938964844,430.04998779296875,442.45001220703125,464898
2024-11-13,420.25,434.8500061035156,417.0,433.70001220703125,769829
2024-11-14,422.1499938964844,431.8500061035156,420.04998779296875,425.0,669924
2024-11-18,417.6000061035156,423.3500061035156,413.45001220703125,422.1499938964844,645666
2024-11-19,416.29998779296875,428.8500061035156,413.54998779296875,418.0,955715
2024-11-21,408.20001220703125,414.8500061035156,404.0,414.0,692490
2024-11-22,408.5,411.54998779296875,403.1000061035156,409.95001220703125,1059196
2024-11-25,413.45001220703125,420.79998779296875,410.8999938964844,419.0,772873
2024-11-26,411.3999938964844,416.0,409.3500061035156,412.04998779296875,567011
2024-11-27,420.25,423.70001220703125,409.3999938964844,412.1000061035156,999828
2024-11-28,421.45001220703125,434.29998779296875,418.6000061035156,425.0,1560609
2024-11-29,420.3999938964844,430.8500061035156,413.79998779296875,422.1000061035156,1682631
2024-12-02,428.95001220703125,433.0,416.1000061035156,420.3999938964844,1233051
2024-12-03,433.79998779296875,435.45001220703125,426.3500061035156,429.5,1279240
2024-12-04,437.79998779296875,449.8999938964844,431.6499938964844,435.5,2465664
2024-12-05,434.75,441.6000061035156,433.0,440.0,1015092
2024-12-06,434.6000061035156,442.79998779296875,431.0,434.0,1091183
2024-12-09,432.6000061035156,435.8500061035156,429.1499938964844,430.54998779296875,1205072
2024-12-10,442.75,448.1000061035156,431.6499938964844,433.04998779296875,4837569
2024-12-11,445.1000061035156,454.3999938964844,441.70001220703125,446.45001220703125,2785013
2024-12-12,433.54998779296875,449.04998779296875,432.1499938964844,448.1499938964844,1666617
2024-12-13,436.1499938964844,439.8999938964844,415.3999938964844,433.0,3510631
2024-12-16,426.8999938964844,438.3500061035156,425.8500061035156,438.3500061035156,1323055
2024-12-17,416.3999938964844,428.6499938964844,415.20001220703125,427.54998779296875,3477904
2024-12-18,426.6499938964844,438.0,413.25,419.0,5131747
2024-12-19,419.6499938964844,432.54998779296875,418.5,419.79998779296875,1992524
2024-12-20,407.25,423.54998779296875,405.0,421.70001220703125,1650941
2024-12-23,408.1000061035156,412.75,401.6499938964844,410.95001220703125,900146
2024-12-24,414.6000061035156,419.70001220703125,405.8999938964844,409.0,833667
2024-12-26,409.8500061035156,416.54998779296875,408.5,415.79998779296875,519804
2024-12-27,412.20001220703125,414.45001220703125,409.6000061035156,411.54998779296875,449390
2024-12-30,413.0,419.29998779296875,407.0,412.20001220703125,1101826
2024-12-31,413.5,417.29998779296875,407.45001220703125,413.0,737726
2025-01-01,418.25,424.29998779296875,413.5,413.54998779296875,883758
2025-01-02,431.5,433.29998779296875,417.29998779296875,419.0,1865742
2025-01-03,421.0,440.45001220703125,420.20001220703125,432.79998779296875,2528480
2025-01-06,404.45001220703125,424.8500061035156,401.29998779296875,422.20001220703125,1617044
2025-01-07,421.3999938964844,423.20001220703125,405.95001220703125,405.95001220703125,1124136
2025-01-08,434.6000061035156,438.0,416.3500061035156,423.45001220703125,3163396
2025-01-09,429.29998779296875,436.5,424.3500061035156,433.5,1604937
2025-01-10,415.3500061035156,429.0,412.3500061035156,429.0,1417314
2025-01-13,392.6000061035156,418.79998779296875,390.29998779296875,418.79998779296875,1864788
2025-01-14,402.04998779296875,407.0,396.0,396.0,990163
2025-01-15,393.25,407.8999938964844,391.0,404.0,1304816
2025-01-16,399.04998779296875,404.8500061035156,397.6000061035156,401.0,857057
2025-01-17,399.1499938964844,401.6499938964844,391.5,400.0,797333
2025-01-20,402.0,405.04998779296875,394.0,400.95001220703125,518822
2025-01-21,391.0,405.54998779296875,389.54998779296875,404.0,826878
2025-01-22,385.5,393.0,377.75,392.95001220703125,777577
