Price,Close,High,Low,Open,Volume
Ticker,SONACOMS.NS,SONACOMS.NS,SONACOMS.NS,SONACOMS.NS,SONACOMS.NS
Date,,,,,
2021-06-24,354.39874267578125,354.39874267578125,289.4452534775421,295.3322755821701,41848082
2021-06-25,357.83282470703125,406.106386084038,348.75699932246545,380.5959579760692,30784367
2021-06-28,340.9566650390625,354.88929469553256,330.9487164190133,350.27778250056207,5967165
2021-06-29,342.5265808105469,345.37196888378486,334.43192528983315,338.50377632075504,2476272
2021-06-30,335.8545837402344,352.2401398263235,334.87341343431143,344.1454848024595,983870
2021-07-01,338.4547424316406,343.40964098872877,326.97503674141103,335.5602777661293,1740419
2021-07-02,370.3428039550781,377.7506289879225,334.8734676944525,336.5414694619673,4600866
2021-07-05,375.83734130859375,380.59602413685417,359.59898180194654,374.2184160012125,3150274
2021-07-06,380.6941223144531,388.24914651282,368.9200772944185,375.4448545877654,3504682
2021-07-07,397.7174072265625,412.8764711631693,371.3729773493848,377.0147068599765,5935443
2021-07-08,394.8720703125,404.63469858958564,388.64163179706435,397.12875043165934,2421453
2021-07-09,414.2991943359375,418.7635076026404,390.55485908361567,392.4681533081705,3886823
2021-07-12,401.39678955078125,418.95973253741465,394.43047419213275,416.8992688478225,1845286
2021-07-13,394.4795227050781,407.67627573803503,392.8605976347791,403.2610092137964,1526457
2021-07-14,394.2342529296875,399.2873044208033,391.48698779950024,397.3249636298284,625983
2021-07-15,387.2679748535156,401.59303896096503,384.81504881553525,397.079679005437,727281
2021-07-16,393.9399108886719,401.2986888006645,391.6832309728384,392.46815530627333,1023571
2021-07-19,386.3848876953125,397.3249615007299,380.69411140915736,391.97757089679993,1220437
2021-07-20,431.5677795410156,448.2967218415899,384.61877283744786,394.1361371016739,8324982
2021-07-22,432.20556640625,443.489026142168,403.35916228736164,419.94093625851303,9450575
2021-07-23,415.2803955078125,444.37209354003045,410.86512845575066,432.69617110205627,4378428
2021-07-26,397.9136657714844,416.0162726308298,395.01923089701387,416.0162726308298,3491888
2021-07-27,389.1322021484375,407.62727091466945,386.43398344082385,400.317539165956,2330599
2021-07-28,410.8650817871094,416.3105652222749,388.0528712759445,392.9096764587244,4790986
2021-07-29,427.2015686035156,430.68474134604304,408.264992639426,412.82742882321514,2548002
2021-07-30,430.97906494140625,435.5905774427142,418.6653893488286,424.69958085458205,1833069
2021-08-02,430.97906494140625,445.6966198056546,427.2996762253442,434.3150380553808,2478124
2021-08-03,427.83935546875,438.3869376268597,424.0618732548531,434.65850195745026,909060
2021-08-04,414.00482177734375,431.46964121252165,413.0726980113056,431.46964121252165,1674935
2021-08-05,401.78924560546875,416.9973855490213,400.31749012706047,416.89926252853905,1476251
2021-08-06,403.70257568359375,414.5444966969516,400.3175258043935,402.4761126756146,1736766
2021-08-09,468.80322265625,477.53566349682967,419.20506906055294,419.64660773422554,13161558
2021-08-10,480.1357421875,548.8667468105339,465.07477052883183,472.18825594303866,20850838
2021-08-11,489.505859375,513.0539766475188,469.342821576226,488.42656605047273,7578893
2021-08-12,481.9999694824219,499.1704518558415,477.68282561712255,494.21555320526124,1918516
2021-08-13,492.351318359375,507.6576132651033,484.84537042792704,484.84537042792704,2797664
2021-08-16,506.5292663574219,531.7944065195596,483.7660989720257,494.01934258781966,5838267
2021-08-17,487.00390625,513.9370142279753,484.6981499529309,505.6952192696185,2846613
2021-08-18,464.8294372558594,495.24571705518736,455.3611496940117,489.5549411989414,3623680
2021-08-20,457.56884765625,483.71703429217706,454.2819206435659,458.79531072494217,2441515
2021-08-23,436.8170471191406,471.84481027324955,429.89977825995453,463.2595698026921,2657952
2021-08-24,441.67388916015625,447.9043277472007,431.911260770865,440.20213342823774,2849668
2021-08-25,463.5048828125,481.90182748866516,446.67781673728973,448.39486490706514,4691070
2021-08-26,462.6218566894531,474.88648703646936,457.37258891234114,466.05595318661767,2658679
2021-08-27,465.27099609375,469.8824788140826,458.4028035825395,462.1312389685908,1346020
2021-08-30,502.9970397949219,511.87662011923055,473.90531288597157,473.90531288597157,5769574
2021-08-31,490.6833190917969,509.03118745882387,487.05297666374565,500.3968999852752,2502460
2021-09-01,489.0644226074219,503.4385337633241,486.6605430285902,490.6833478607625,1701574
2021-09-02,485.23779296875,501.3780574812837,483.7169908772463,489.11342789514663,1525755
2021-09-03,515.8012084960938,528.6545147194058,481.7545891017476,486.66044031459637,8377452
2021-09-06,538.417236328125,551.319650547108,517.3711200789874,522.3751248583978,5941536
2021-09-07,538.5643920898438,550.3384354814012,530.4206308353113,540.0851940507436,3524987
2021-09-08,534.590576171875,541.5078742060983,516.1936343486819,541.5078742060983,3217349
2021-09-09,540.13427734375,560.2482695064147,534.9340864691162,535.2284255967586,4521235
2021-09-13,572.4638671875,578.2036899260587,535.7190246719275,542.5872172959266,5695633
2021-09-14,561.2294311523438,585.5624434628909,556.5198255254451,576.388524792639,3046264
2021-09-15,571.482666015625,578.2036587668485,556.5198186053987,564.5654272228282,3207889
2021-09-16,574.3280639648438,598.5139380382872,571.5807988493866,573.1507074052822,4361456
2021-09-17,559.65966796875,581.0982190875244,549.700763602846,577.9094150148618,2113066
2021-09-20,555.4404296875,569.0787195058707,545.628727627054,553.3799962091571,1784926
2021-09-21,552.20263671875,561.9162467109313,536.8473573480566,559.0708288667092,2457993
2021-09-22,563.9766235351562,573.0034014251943,550.4855331762583,554.9498456451182,1786786
2021-09-23,564.0258178710938,576.6829408244041,561.3275990922472,569.5204084068262,1348917
2021-09-24,547.4929809570312,567.8522629549853,544.5985168403876,565.9389690551105,1243064
2021-09-27,549.9459838867188,556.1273451450212,537.6813544512434,553.2819870475224,1602071
2021-09-28,545.7760009765625,553.7725631924158,542.2928582508778,552.3989007636937,1117400
2021-09-29,552.6441650390625,562.9954996063373,540.6248290040363,542.5871695811834,1092189
2021-09-30,545.3836059570312,556.1274350566889,544.4515418779528,554.7538322693706,628272
2021-10-01,551.9573974609375,561.0822702189379,538.858796553505,540.624891299265,1605653
2021-10-04,564.3692626953125,570.8449638013514,553.4291880707412,553.4782346167476,1332619
2021-10-05,574.2299194335938,578.7432788699191,544.5495177883718,564.7616020618393,2312586
2021-10-06,570.1090087890625,580.3622507240867,562.2105996025388,576.928154565956,1145894
2021-10-07,640.6550903320312,676.0262638586352,573.0033934592785,573.9845636535581,8928123
2021-10-08,619.0693969726562,647.5723814835039,615.2428089459013,645.2175488692116,2400741
2021-10-11,639.5269165039062,653.4105029590424,616.5675628581839,620.8846771035678,1912860
2021-10-12,638.7418212890625,647.5723533806163,623.0430975707445,638.7418212890625,1197495
2021-10-13,727.439697265625,734.8965677234183,657.3841126497869,657.3841126497869,7037231
2021-10-14,740.9308471679688,797.6915305206485,704.8237287510664,733.6211157536707,5972558
2021-10-18,751.233154296875,790.7743101546131,740.7836653935897,747.6518583177686,2396092
2021-10-19,684.46435546875,758.7389567841269,661.3087610825272,756.8747692051853,1716466
2021-10-20,631.2359008789062,680.9322014988455,618.137301072439,678.8717677829575,4178371
2021-10-21,613.3787231445312,641.0967880123588,589.683433117324,631.0888375696288,2746143
2021-10-22,604.4990234375,653.9009860630416,599.7403712356287,617.8920225531896,2566541
2021-10-25,592.6268920898438,615.0957170853527,574.9658257692855,606.3632770058334,1874816
2021-10-26,627.2623291015625,641.7345949093389,596.5517024493591,596.5517024493591,3210594
2021-10-27,603.46875,635.7002286287884,600.4761927160908,630.8924704517098,1718860
2021-10-28,655.8142700195312,692.1175720907634,606.3632616222019,606.3632616222019,7525179
2021-10-29,635.5040893554688,665.3316340203531,625.2018000047323,651.4971551322914,2563167
2021-11-01,636.1907958984375,657.1878027176872,633.0510392108654,641.3909860978561,1838861
2021-11-02,637.1228637695312,656.5991287321185,636.190799961382,640.7041590570498,1857969
2021-11-03,631.4322509765625,643.1082036530853,623.6810401093502,641.6854944786679,1127716
2021-11-04,631.4322509765625,631.4322509765625,631.4322509765625,631.4322509765625,0
2021-11-08,653.7537841796875,666.950537201904,644.2855263502793,656.4029560692516,1739351
2021-11-09,672.052734375,684.4154585076745,648.9461814752261,655.421882709314,2961288
2021-11-10,673.7206420898438,687.8004126017305,663.5654930763897,667.1958353340609,1784031
2021-11-11,681.913330078125,699.966886800013,674.0639680052833,674.0639680052833,2305663
2021-11-12,667.1467895507812,689.8608471567585,657.5803786656535,687.8004133820083,1816218
2021-11-15,677.3018188476562,686.819182351706,671.120458183667,672.1997215158675,1495935
2021-11-16,699.1819458007812,707.3257073622634,679.4604463309441,682.6982964084852,2855058
2021-11-17,697.5140380859375,712.3296866781955,694.2761279650545,695.0611121676242,1717766
2021-11-18,696.6309814453125,706.3936388666885,677.0075735172755,700.261323889177,2185044
2021-11-22,683.2379760742188,710.1711152155873,668.520420246792,702.9104902722562,2997923
2021-11-23,724.79052734375,734.8965696623303,674.9470870661252,677.0075207837222,3179965
2021-11-24,727.8812255859375,754.912517580157,720.2281085661288,734.0135404873688,2527904
2021-11-25,745.6404418945312,760.4070441291522,730.9719327435075,733.8173507984749,2012494
2021-11-26,715.5675048828125,754.0293935375041,711.3975310083371,730.9718909374634,2200440
2021-11-29,729.5001220703125,733.7191424063873,663.4673724935792,711.3484714202779,2865447
2021-11-30,734.209716796875,756.4332478429454,722.6809658773306,735.8777182687941,1737253
2021-12-01,730.6775512695312,751.5764671652256,727.292501679143,744.3648892479547,1408465
2021-12-02,744.6593017578125,752.5577116565606,732.0021793935874,734.700398046854,1741210
2021-12-03,751.9689331054688,797.2008594536558,749.0254222397938,752.8519504336422,3977053
2021-12-06,737.5947875976562,757.4144400264095,734.5531835619163,756.8748083279245,1219012
2021-12-07,746.2290649414062,763.3504987741206,740.9798277538038,744.8063560192136,2180750
2021-12-08,756.8749389648438,763.3506402361397,749.3689607716603,757.4636173037273,1162024
2021-12-09,761.3882446289062,802.4993091115498,758.0522412522072,767.2752671389236,5381019
2021-12-10,774.4378662109375,777.0870385467988,760.6524326179366,763.3016049537978,1666681
2021-12-13,807.2089233398438,813.8808702751078,780.4229826244233,782.679662632336,4051746
2021-12-14,784.5437622070312,824.0849739255228,780.0304026992256,806.9144933629613,3330102
2021-12-15,781.6984252929688,794.698932355143,775.8114032270785,790.528958391804,1914028
2021-12-16,764.8223266601562,792.0498052551778,761.4863233464108,791.7064195695962,1694604
2021-12-17,741.6175537109375,783.8569833997468,727.2924911614696,763.9391782288781,12307302
2021-12-20,686.0833740234375,741.0779607077028,677.00754819617,738.8212808575595,3720125
2021-12-21,695.944091796875,715.0278663828284,690.9401471494411,700.5556042502085,1682321
2021-12-22,682.9926147460938,709.3861194949329,680.932181091955,701.3405111417421,1580443
2021-12-23,685.3475341796875,697.6121643546998,678.8718334016368,689.6647079556476,1653715
2021-12-24,699.3292236328125,704.2841223246568,667.3430915851628,690.498689767228,2108002
2021-12-27,691.2835083007812,702.5179199758961,681.3246658974562,698.5932388587123,1256299
2021-12-28,715.1260375976562,718.2167483790532,692.2157322150574,695.159243478906,1299478
2021-12-29,696.0422973632812,720.7677432379159,692.951586686008,716.2543834064223,1025937
2021-12-30,709.533447265625,713.997760913927,696.3857390516109,696.4347855977893,939497
2021-12-31,729.5491943359375,734.6022455413338,708.4049854859372,711.348496505962,1533044
2022-01-03,726.6056518554688,735.877723144263,722.6809706653661,729.5491627480458,801634
2022-01-04,739.9496459960938,764.0864127361991,729.9907429543912,730.9719133078245,2515125
2022-01-05,724.5452880859375,740.7836460994159,722.1414086479074,738.8213053150466,859528
2022-01-06,718.5111083984375,721.1602805900282,704.4803829437282,718.2167692406811,1238144
2022-01-07,720.3262329101562,730.3832289488363,713.4580404934967,721.2582968294232,802851
2022-01-10,725.575439453125,733.7191409951654,720.0809097077655,724.1036839978448,893975
2022-01-11,741.8628540039062,754.5199750693052,726.0660358274199,726.0660358274199,1570079
2022-01-12,745.1007690429688,761.4862655679984,727.0472111017432,748.6329582599595,2075189
2022-01-13,737.5947875976562,745.1007644953048,731.9530582611926,744.7082724131973,805465
2022-01-14,742.0101318359375,751.5765434529959,731.1191641031809,734.8475997306,605337
2022-01-17,755.7465209960938,779.8342429889957,747.6518649776351,748.6330354041149,1816236
2022-01-18,756.18798828125,774.9283177035769,749.614135067227,759.4258384058032,1800340
2022-01-19,725.4282836914062,756.4333030835536,723.1716038344248,756.4333030835536,1244871
2022-01-20,722.2886352539062,730.7757235331186,706.442708871393,725.3792861736842,1261565
2022-01-21,688.9287719726562,711.152244041716,680.0982389922892,706.4916849687445,2285011
2022-01-24,638.8890991210938,690.6458352265157,595.3741580468994,690.6458352265157,5574120
2022-01-25,615.4391479492188,634.6210177455079,605.1859050496504,619.4619227299632,3610984
2022-01-27,591.547607421875,610.0916904612126,588.7021895513567,603.4197442901406,3135738
2022-01-28,613.6729736328125,643.647714199532,599.7403434519266,599.9856360259356,3524513
2022-01-31,630.2547607421875,637.6135384883136,623.5337676884137,630.8925454345397,1175644
2022-02-01,651.3989868164062,656.451977935245,630.8925035702669,641.2928848069633,1886495
2022-02-02,662.927734375,667.0977081325486,627.9489893720331,627.9489893720331,2360278
2022-02-03,673.5244140625,686.3286754442175,657.6784885950299,667.6864383699643,1969604
2022-02-04,669.2072143554688,676.516945321251,655.2255370953849,675.0451898201895,895020
2022-02-07,647.42529296875,670.8262439697946,642.6666402737512,668.128025251088,846598
2022-02-08,613.6239013671875,659.0520721917613,610.3369450817534,655.6670228351893,1824482
2022-02-09,635.847412109375,637.7607062051673,615.8806201079205,623.5337366052058,995602
2022-02-10,630.9415893554688,643.3534183900782,625.2017666916817,639.4287369417763,447740
2022-02-11,620.5975341796875,626.638990430597,616.4225606612646,620.8431208572417,658919
2022-02-14,592.9443969726562,610.9213881188692,558.5131598679392,558.5131598679392,1723385
2022-02-15,640.8338623046875,648.0541467106857,585.0856856405801,610.037316447766,1867264
2022-02-16,639.7532348632812,655.8637433788026,631.0594912785372,648.3487677693139,1181020
2022-02-17,645.5490112304688,651.9342633298496,638.5252099380816,641.0792867947656,886645
2022-02-18,645.0087890625,651.295831631457,632.6803505457787,635.578285166746,622948
2022-02-21,644.6159057617188,653.260544585753,620.8431040273622,634.5959575975886,1012168
2022-02-22,623.05322265625,640.2933904954097,604.1430538960878,604.1430538960878,1054831
2022-02-23,626.2950439453125,640.6373398472621,622.8568309490315,631.354152765768,484541
2022-02-24,585.38037109375,608.0725538874138,571.7257291800886,594.3197012954529,2836671
2022-02-25,638.4761962890625,644.4193813357604,599.1823315734673,609.0549030917248,1181586
2022-02-28,624.8707275390625,629.6351451280151,604.1432356329416,626.3442476259721,1566616
2022-03-02,610.8231201171875,630.961225952229,607.090214929545,610.0372548078439,931155
2022-03-03,593.5830078125,624.7725162908564,591.8639010459764,618.8784359484898,1293754
2022-03-04,579.3880004882812,599.2314133819738,571.3327465463652,589.309736913966,1918007
2022-03-07,562.3444213867188,573.5431386082014,543.2377646878069,550.6053654747121,2575682
2022-03-08,559.4464111328125,579.1915546014866,553.0120526363418,567.5998762482164,1159673
2022-03-09,563.0319213867188,568.1400752290064,556.2046012089236,565.8315849332677,1195925
2022-03-10,591.7164306640625,602.6696188694548,581.5491676784306,582.6788902135792,1709998
2022-03-11,605.8131713867188,609.054903234982,585.1838924061791,592.355010726926,828712
2022-03-14,602.12939453125,612.935207742665,598.2000079089172,609.0549264615752,640797
2022-03-15,620.6956787109375,633.2697632276593,601.6872958773133,605.1255089966123,1877698
2022-03-16,633.1224365234375,643.2405953560923,623.8883537299371,631.648916500497,926758
2022-03-17,672.416259765625,686.3655937274631,639.5567534144687,649.3311142513925,1850118
2022-03-21,662.6909790039062,694.1260695695499,660.2351125534653,682.5834972524776,1255407
2022-03-22,656.404052734375,666.8660087291031,640.4900247894803,664.3119313863283,1176575
2022-03-23,677.1806640625,681.8959761218052,658.7616636985999,663.182223785936,1372047
2022-03-24,663.2803955078125,674.7246967191744,659.2527387209792,671.9250330644755,527577
2022-03-25,650.6571655273438,672.317953326959,648.3486752877965,667.9956048419721,601930
2022-03-28,647.1699829101562,660.6772498043553,642.4547308222635,657.9757964255155,891747
2022-03-29,651.3941040039062,666.8169599245579,648.2014770759049,652.2782400593508,930464
2022-03-30,665.785400390625,687.6426119858908,650.3134416209424,660.431599491485,943762
2022-03-31,667.4553833007812,676.7385702998554,660.1368894249957,672.9073947263721,696997
2022-04-01,645.1561889648438,667.4063654870168,642.5038409090434,662.9366400792406,1720968
2022-04-04,651.2958984375,656.6005948965366,647.415616764472,651.9835531574029,666813
2022-04-05,665.2942504882812,671.237435566445,650.608156481537,659.400170749736,1419194
2022-04-06,656.158447265625,664.4592883282982,654.2428593345957,660.1369391484209,597461
2022-04-07,638.0341186523438,655.568981532928,634.5959055418231,655.5198761943134,841032
2022-04-08,643.387939453125,652.5237511510198,633.3188864620855,640.4900048934361,654966
2022-04-11,636.4132080078125,649.5766761657353,633.6135442372768,646.1875684724656,840097
2022-04-12,619.4677124023438,637.3464316603148,617.6503952621773,633.6135267500665,560583
2022-04-13,609.9390258789062,627.6212646196456,608.1216487003901,623.4953969219374,563403
2022-04-18,611.5599365234375,618.8293262104886,600.1156332478689,602.6697107283542,578215
2022-04-19,622.1200561523438,642.2581603635383,614.2612837772434,614.8998330157903,1199844
2022-04-20,649.8713989257812,652.2781601528209,626.9336291745635,630.666534364625,1498343
2022-04-21,652.9657592773438,657.0424614571485,640.833743493833,654.9304523638062,689551
2022-04-22,659.400146484375,671.2865162032942,636.658799013612,645.107015635914,1153895
2022-04-25,654.9796752929688,667.7992879922051,643.3879959932317,652.3764325029558,1015207
2022-04-26,662.6909790039062,675.8544471613403,657.5336594579803,664.0662881992239,977933
2022-04-27,645.3526000976562,657.1898644386861,639.5076259336093,653.2604781042246,1121708
2022-04-28,640.735595703125,652.6711313577848,637.5429691243053,650.1169941201206,484866
2022-04-29,624.3303833007812,646.8752502556697,619.8116128249676,644.4193837019276,473280
2022-05-02,622.660400390625,628.505374952207,610.5284432409135,615.9313498182667,407152
2022-05-04,600.2628784179688,627.1300939240379,595.4002507525487,623.6918808212913,569404
2022-05-05,603.013427734375,624.3794659763795,600.4593505942638,611.0195763920361,581135
2022-05-06,584.5944213867188,608.121633792649,580.0756511357093,601.6872757334834,1737332
2022-05-09,590.0464477539062,598.0525357345721,565.8806879388592,576.0971154967498,992665
2022-05-10,561.7548828125,603.6519895529923,558.4640456645666,594.2705914546483,1106500
2022-05-11,552.913818359375,578.8969006715263,533.6598469441864,566.715837516624,1327842
2022-05-12,558.9061279296875,567.7472476123369,542.5991378737483,552.9137775035059,1497236
2022-05-13,559.1516723632812,577.6197756475522,551.1455239388376,567.7472047389889,914750
2022-05-16,544.6129760742188,567.7963317256192,541.3711843456291,562.098733468005,562176
2022-05-17,576.93212890625,582.2368243704171,548.3949730226267,549.8193875414935,1061209
2022-05-18,552.2752685546875,576.0480681819902,550.0158833742287,575.6551055603113,794398
2022-05-19,527.7658081054688,544.7603954256566,517.2055802094543,540.2907295635325,1686255
2022-05-20,545.4970703125,562.8846176124845,539.3082985501815,540.2906451777774,1149255
2022-05-23,529.533935546875,560.7234408512893,527.3727609830647,545.2023761874002,1047932
2022-05-24,540.830810546875,544.6619855750782,531.1547222749182,535.378799897253,461334
2022-05-25,523.8854370117188,544.5638212352936,520.6928105176993,538.8171175291302,527089
2022-05-26,525.0642700195312,534.4947736177269,509.88700270189287,527.520136577153,580401
2022-05-27,528.453369140625,534.7895167462729,521.8225295444611,531.6459956128521,711093
2022-05-30,539.652099609375,544.1218247619134,531.9898078528067,535.1333290743344,469648
2022-05-31,547.56005859375,567.7963760404939,532.1372038620132,538.3259758999837,1369582
2022-06-01,561.8041381835938,564.8002838215571,544.2201071290212,547.0689367270318,640133
2022-06-02,563.0811157226562,565.7334636878039,550.457925206971,557.3835171042127,338945
2022-06-03,562.8846435546875,578.6021903206124,559.4464301996414,567.7963769190391,744038
2022-06-06,568.0418701171875,572.3150534579571,558.2675103389413,561.9022044220169,623473
2022-06-07,576.4901733398438,579.5845896234509,558.0220662043968,563.6214547397542,542790
2022-06-08,584.6437377929688,589.8992693318326,568.7788125614172,578.9952435404158,1617768
2022-06-09,583.513916015625,588.8186119624762,577.3251440494199,577.3251440494199,820716
2022-06-10,590.9306030273438,598.2490974091892,575.2130569541958,578.5039541378693,1013739
2022-06-13,590.68505859375,592.8462333248306,565.340525730638,575.6551660784602,688622
2022-06-14,587.3450927734375,595.3020767468824,575.9498355277659,582.5315701500022,624706
2022-06-15,589.0149536132812,595.2037846995954,584.4961835720959,589.1623295754026,382991
2022-06-16,559.4464111328125,597.4632380687557,555.0258512555558,597.4632380687557,614077
2022-06-17,556.7940673828125,574.4272016833987,541.5185890174837,558.9552419971849,711925
2022-06-20,537.736572265625,562.1969675154149,530.761875178839,555.0258490676697,835391
2022-06-21,552.3734130859375,559.5936956803504,541.1746992012421,541.1746992012421,488006
2022-06-22,530.31982421875,552.0788268767703,527.0289868672372,552.0788268767703,714472
2022-06-23,545.9883422851562,563.6214794283077,533.1687284700897,534.2984512790354,1214419
2022-06-24,569.8101806640625,574.0834247035839,552.0788350529208,554.3873257715813,786721
2022-06-27,571.4801635742188,581.7456980571183,568.4349129426284,581.7456980571183,452498
2022-06-28,558.2184448242188,572.511575590611,555.2222997427865,572.511575590611,451025
2022-06-29,550.1719360351562,558.582383808804,547.9094851777762,554.9428176655995,413427
2022-06-30,544.76171875,555.6805976976021,542.9911075809126,550.860543922665,714487
2022-07-01,558.434814453125,560.6972650939443,538.0726386076975,542.1057001831134,352045
2022-07-04,558.7300415039062,564.3370275197643,555.6314265891044,559.418629267089,259032
2022-07-05,550.9588012695312,566.5009836330228,548.056995105802,561.0907469983714,279933
2022-07-06,559.2710571289062,565.3207110366886,547.3685572916442,548.893248752593,546867
2022-07-07,557.5987548828125,569.5504859878091,554.0083603814415,567.5831267961414,587293
2022-07-08,558.18896484375,566.9929087008505,553.5656590156436,559.7136561171058,287332
2022-07-11,567.337158203125,569.3536891936998,552.8278854098938,556.8609473910433,305882
2022-07-12,560.9432983398438,564.7304408277064,553.8116211579694,564.7304408277064,503229
2022-07-13,571.2227783203125,574.8131729788938,561.7794177633941,563.8451810285202,1022214
2022-07-14,565.5665283203125,577.0755902295994,557.9921843260618,573.2883882129587,340303
2022-07-15,560.8941040039062,566.6977774557158,557.5003974724466,563.1565550118671,382733
2022-07-18,560.7957153320312,568.9110720231698,559.3201959336424,565.6157693823833,380407
2022-07-19,560.5990600585938,568.2225773937982,557.5987890760865,562.4188434068647,277087
2022-07-20,563.3533325195312,577.2231911985466,560.697385527645,569.0586623293731,481299
2022-07-21,569.3536376953125,574.4687826997597,562.7138015939026,566.9436111025509,491512
2022-07-22,565.8124389648438,573.9769664976209,563.648332139052,573.3867828356003,625301
2022-07-25,560.5990600585938,567.5339896266812,553.2214626374281,567.4848176516817,410441
2022-07-26,543.8272094726562,556.6642754961456,540.7286549462206,556.6642754961456,692010
2022-07-27,541.0237426757812,547.8603274319456,536.99068060963,546.1388882507046,416401
2022-07-28,554.4509887695312,557.1561074656605,541.5155789887905,548.3029917328738,439012
2022-07-29,559.07421875,566.4026430189198,538.7121011698097,541.0237239748166,1036849
2022-08-01,586.4697875976562,594.1424764445968,556.6643078235577,562.074545605752,1906169
2022-08-02,577.321533203125,591.6340581840359,575.3541741668752,586.46974071388,677706
2022-08-03,575.4525146484375,580.6168320875902,569.5504375751202,580.6168320875902,283997
2022-08-04,566.5994262695312,597.0934926138983,564.6320671505398,579.2889166026401,1081124
2022-08-05,548.5488891601562,572.1571968145435,545.4502747649054,566.599383705294,898065
2022-08-08,552.3360595703125,562.2220269012084,548.8931811936498,554.3034186426911,499586
2022-08-10,558.1398315429688,564.3370010427789,553.073857564777,557.6479917407769,689194
2022-08-11,552.8771362304688,566.5011354299456,549.9752692501439,565.0256159523949,389471
2022-08-12,560.5497436523438,563.1073463967191,548.450497711013,552.8770554972828,397496
2022-08-16,561.0416259765625,565.2222642030317,549.2374709841787,565.1239202603767,954535
2022-08-17,530.3016357421875,566.5994361352143,519.6779083224595,565.320664693411,4916238
2022-08-18,509.64434814453125,525.7767166948419,498.92227712964757,513.0872265513264,59249131
2022-08-19,512.3494873046875,520.8583397218011,510.578876061316,516.4317815938538,7051059
2022-08-22,514.956298828125,523.6126677748297,507.62787339859847,512.644675657025,5928548
2022-08-23,524.006103515625,528.9245012207857,509.74275017065906,514.9562397303225,10059261
2022-08-24,518.9893188476562,528.58019468715,515.6940162927781,526.2685717055533,2350280
2022-08-25,515.3497924804688,524.0061613898025,513.3332011674016,521.3010423531957,1721705
2022-08-26,522.1371459960938,526.9080283200439,512.8413612996328,518.1040834483794,3274520
2022-08-29,510.6280212402344,516.776018317578,507.57863870548556,508.21805441714287,2278442
2022-08-30,513.480712890625,516.3334075334086,511.5133538374042,514.9070602120167,1590405
2022-09-01,518.3499755859375,519.7763230092272,509.5460311860163,510.3329628557161,2096736
2022-09-02,515.4481201171875,519.923850373756,511.7101495745272,517.4154793542759,1200849
2022-09-05,514.1693725585938,519.8747026039603,512.1036092400535,514.5628084009047,1129613
2022-09-06,511.3166198730469,516.923605335492,508.56232913120715,515.0054181984666,1034390
2022-09-07,518.30078125,524.6454663449091,508.75907756412585,508.75907756412585,1508878
2022-09-08,516.7269287109375,523.661858511747,515.4481571228308,521.350235257825,905092
2022-09-09,518.3991088867188,524.2520140593755,515.7923341338193,520.3664679337272,1164759
2022-09-12,517.1694946289062,522.333811978981,516.1366431666977,520.1697050816194,1272764
2022-09-13,535.2200927734375,539.449963451599,517.9565263036724,521.0551413280849,4624251
2022-09-14,520.366455078125,530.0065021625031,519.3827755789225,525.4324285146307,2033856
2022-09-15,517.6121826171875,524.6946872673119,515.4480756353391,524.1044435236984,977265
2022-09-16,507.03765869140625,517.071202557149,499.80760767222563,516.4317868054891,1525714
2022-09-19,506.5950012207031,511.3658233330883,504.6768139655548,508.0705206417343,2096604
2022-09-20,506.2014465332031,515.9398975959074,504.7751592898547,509.15248503232175,736927
2022-09-21,489.7740478515625,508.6115054574845,478.26501498938495,506.10313458252114,2126465
2022-09-22,471.330078125,491.49551008710483,461.0014422419707,490.8561243458688,5021056
2022-09-23,467.247802734375,485.8393408813759,461.7883930470755,474.1827317987304,2880334
2022-09-26,460.50958251953125,467.24779354615305,454.8534250187094,467.1494195857134,1773741
2022-09-27,457.01751708984375,472.7563896197083,453.13197092622664,467.24777823035225,1161414
2022-09-28,454.65667724609375,466.06733543897104,450.6235852891897,453.47624983740906,1110128
2022-09-29,461.19818115234375,464.64105971269254,455.9354893490497,457.804474563621,766933
2022-09-30,456.181396484375,461.2965422101741,447.8201202145805,461.1981682501553,1474819
2022-10-03,452.0991516113281,459.28000070651046,445.60686022663884,456.18141596049395,1075149
2022-10-04,461.00140380859375,465.23124378166887,452.492581913472,457.4601515114545,1823809
2022-10-06,466.41168212890625,476.2484782510788,462.6737116102885,463.3130973543258,991262
2022-10-07,463.804931640625,469.95292914381463,460.46042700279366,465.77229084164566,712017
2022-10-10,457.70611572265625,461.64083420733675,456.4273442229429,458.3947034652832,458055
2022-10-11,453.5254211425781,463.3130441683789,451.50889017682783,459.3783261711952,561126
2022-10-12,455.39447021484375,457.9520130883928,447.8201254968211,453.96812282654133,458927
2022-10-13,452.9844055175781,458.14872284432573,448.85293964837376,455.39443227786666,350358
2022-10-14,452.39422607421875,462.2802237171214,450.6236148644991,462.23102172714596,480156
2022-10-17,452.5417785644531,458.4438560417568,446.73807504900816,451.9023928416489,520984
2022-10-18,456.91912841796875,459.87016692228286,452.09910486482556,454.5091016316391,686749
2022-10-19,477.6256103515625,481.0193169266438,457.41100689343426,457.41100689343426,2722881
2022-10-20,476.29766845703125,488.937927145614,471.1825225922722,471.1825225922722,1226234
2022-10-21,469.608642578125,482.298103618017,465.3788322380008,478.8552249627236,925647
2022-10-24,469.608642578125,469.608642578125,469.608642578125,469.608642578125,0
2022-10-25,474.2810974121094,485.44586650586416,472.608860159261,475.70744479262885,714531
2022-10-27,470.9366149902344,479.6421855741144,469.2151756665103,476.10093296140667,474318
2022-10-28,456.6240234375,474.47779987101393,453.8205309351596,473.29737249544473,838347
2022-10-31,457.8044738769531,467.98556360833186,453.23036980039706,464.29676515634816,1420328
2022-11-01,466.95269775390625,477.9698907814969,459.5751010758027,460.11611282438986,1789945
2022-11-02,463.1163024902344,470.00205907792827,459.82100013887964,467.4445163609693,780153
2022-11-03,458.542236328125,462.91962252530834,457.4110107999429,462.28023679368533,486106
2022-11-04,453.3779296875,464.149233506592,452.59099800133276,460.85390078416737,782112
2022-11-07,452.0008239746094,459.03412785409654,450.5253044186531,456.083088742184,697925
2022-11-09,451.85321044921875,457.1159020823428,446.24622496728887,455.4436348278675,1012733
2022-11-10,448.0660705566406,451.45977728106857,443.63951223061457,451.01710944065803,825030
2022-11-11,450.6728210449219,457.01756673048817,449.0989276170778,452.4926343827566,637913
2022-11-14,447.82012939453125,455.88631396913746,446.59052991788514,451.9515956438698,597332
2022-11-15,441.22943115234375,450.08254672126884,438.03247275245417,450.08254672126884,1041576
2022-11-16,439.311279296875,443.3443713296659,435.96677493535935,438.0324779101519,827672
2022-11-17,437.88494873046875,442.45905266594485,430.99919183247795,438.7210823576998,1107407
2022-11-18,438.3768005371094,449.44319585537795,434.7863760599748,438.7210943953592,845530
2022-11-21,430.6548767089844,439.50799228333597,427.9005860936593,435.77002215974954,648285
2022-11-22,428.9334716796875,432.7698460826003,425.29387522139814,431.78616649611365,437919
2022-11-23,422.3919677734375,434.7371634071908,419.3425553449658,430.85161740678905,679720
2022-11-24,438.7210998535156,448.55789581435675,420.42465336244726,423.86753194874166,1627143
2022-11-25,435.327392578125,439.2129389845642,431.24512826447904,438.72109918726903,730082
2022-11-28,443.5411376953125,446.59055054212524,432.523943887483,434.58964708803114,888688
2022-11-29,443.19683837890625,446.5413730843783,439.8031617200283,443.8362541440532,864644
2022-11-30,447.0332336425781,453.82061729491755,443.1476869764854,445.45934018215365,1169346
2022-12-01,455.640380859375,457.7060839046165,446.78726488427975,451.2138228718274,1278107
2022-12-02,454.5091247558594,460.26365613595044,451.01707435589447,455.5911782663964,1217995
2022-12-05,452.3450927734375,456.2306093767946,449.54159976878714,456.2306093767946,727687
2022-12-06,452.3450927734375,455.9846894644484,449.4924277941261,450.03343959347944,420514
2022-12-07,452.5909729003906,454.2632101456328,448.6070526588803,453.4762785031092,384704
2022-12-08,441.5737609863281,454.21404969422935,439.16376400778296,452.59098437816453,927236
2022-12-09,430.9991455078125,449.2955893026955,429.86792014291825,443.1475927331457,614169
2022-12-12,430.2122497558594,432.81899451437204,423.03137115334255,432.81899451437204,489233
2022-12-13,442.55743408203125,444.6231671901368,431.2451189875919,431.7369587743067,933723
2022-12-14,471.3792724609375,475.4123347722378,444.6231755526184,444.6231755526184,2354167
2022-12-15,456.23052978515625,475.6581994712516,453.9680789940753,475.1171877662803,1195554
2022-12-16,445.1150207519531,453.8697632225076,443.83624927472755,453.8697632225076,731978
2022-12-19,450.7711486816406,458.3946651077895,441.72128491634095,445.6068311026366,927631
2022-12-20,445.9019470214844,452.935280119516,443.8854158658018,450.08258528725645,400423
2022-12-21,428.785888671875,449.1972383266637,425.09709054149147,446.83641352712146,1000645
2022-12-22,416.2439880371094,431.73694066890886,414.42417489867717,430.8516350938523,940087
2022-12-23,394.0128173828125,415.06358300112004,392.83241997754885,414.1290754548761,1400061
2022-12-26,403.9972229003906,411.03052602208203,391.5536519702608,396.4228779880958,1217228
2022-12-27,417.2276916503906,418.5556650993805,404.29231105956615,407.93193754649866,685653
2022-12-28,412.0633544921875,422.68711156658054,411.17804890753405,415.60460685031853,634721
2022-12-29,409.5549621582031,416.93255834208026,404.1938969234461,408.9155764928369,672200
2022-12-30,412.6535339355469,421.40827513552085,409.8500414674811,414.22742707722546,624097
2023-01-02,412.35845947265625,417.7686967366273,411.0304861403238,415.80133773154694,280976
2023-01-03,408.6696472167969,418.21132005002033,407.7843116794901,412.4567891551014,556703
2023-01-04,403.60369873046875,410.8829512604942,402.3740993192505,410.1943635824053,641742
2023-01-05,408.2270202636719,411.768272708417,400.7018775807873,406.45640905105836,618502
2023-01-06,410.68621826171875,422.2444531469288,404.0955531704301,409.5057907762731,1544225
2023-01-09,415.6046447753906,418.4081377322174,409.7025669797638,413.1454456938794,888013
2023-01-10,440.1474609375,451.31220068398494,424.94959869846235,438.7211134710977,9739902
2023-01-11,420.2279357910156,446.29544510809194,418.3589205413459,446.29544510809194,3476828
2023-01-12,421.4575500488281,428.6383993496896,418.5556831286126,422.7363215617421,1427849
2023-01-13,418.70318603515625,422.8838240386004,410.3911120164892,422.8838240386004,1278612
2023-01-16,413.6863708496094,423.9166609018798,412.2600536927449,421.5066342988997,578596
2023-01-17,411.5223693847656,415.89972562199597,409.3090902701321,415.89972562199597,638196
2023-01-18,413.3913269042969,414.12908655968823,409.4566087422096,411.52234178120887,659637
2023-01-19,407.29248046875,413.04701148409583,404.29227003469293,410.194346969506,899465
2023-01-20,401.2921447753906,409.2107543358599,400.4560110282519,409.2107543358599,641090
2023-01-23,410.93212890625,412.1617283344554,402.3741048781334,403.21023849321654,481372
2023-01-24,425.5397644042969,428.88426875305504,409.604144245574,413.04702254978434,1309441
2023-01-25,447.57421875,453.4762963598901,429.47452008357413,433.8027043269231,5392461
2023-01-27,444.2297058105469,457.26346028893045,437.7374145570332,448.31197007723125,2139821
2023-01-30,434.4421081542969,447.4758634188642,431.2943513096607,445.60687810181145,1194183
2023-01-31,442.6557922363281,447.5741899278429,436.21270326825066,437.2455547756619,1012769
2023-02-01,449.09893798828125,461.93597559795455,433.80273124143145,445.70526116375135,2373206
2023-02-02,443.7378234863281,452.93523271226775,439.99982341646484,447.57416748947765,1345041
2023-02-03,438.78570556640625,447.8613214797788,436.51681664053325,447.8613214797788,724849
2023-02-06,466.36810302734375,472.798719720019,436.2926094568888,436.2926094568888,3185014
2023-02-07,453.1111755371094,469.9297126203645,445.19656985087164,468.6436012730808,1520621
2023-02-08,463.8948059082031,468.4457100804007,453.6058248613806,454.1004877020146,1125693
2023-02-09,459.9375305175781,465.32936787765937,451.28093029201455,460.03646912994964,583335
2023-02-10,457.85992431640625,468.14893580454304,455.1887630273059,459.04712723944493,632416
2023-02-13,447.86773681640625,461.7677502148095,445.19654546687576,458.55244183088206,477173
2023-02-14,445.29547119140625,450.1431607301356,439.8541802375255,449.846375118471,505324
2023-02-15,456.3759460449219,459.7396776720729,442.4264774398403,444.15779746306356,1247283
2023-02-16,458.9976806640625,465.9724149253877,457.0684834299981,458.7008648324545,870826
2023-02-17,457.760986328125,465.47771425390494,455.18873362225753,457.7115019309641,489871
2023-02-20,467.01116943359375,472.69979202375237,456.1780714856901,458.05778421624746,1169223
2023-02-21,460.827880859375,472.69978879246486,458.354566706648,469.1382405659964,630296
2023-02-22,452.3197021484375,463.6969471961729,450.489443645872,458.3545644985605,420361
2023-02-23,458.9481506347656,466.862755621584,452.5175340829757,453.11113549535145,772032
2023-02-24,455.9801940917969,463.0538665757378,453.60581852826874,459.04710969927305,565478
2023-02-27,449.45062255859375,455.8812391668473,433.32462683308677,455.5844535539645,646184
2023-02-28,443.3168640136719,457.06848557150585,440.3488868346361,451.2314698244339,381050
2023-03-01,455.04034423828125,458.0577753903655,445.1965419560788,446.53213762031163,448273
2023-03-02,448.3624267578125,461.569900918546,446.48268374315654,456.27703248916436,743257
2023-03-03,450.9841003417969,459.7396383195831,449.15384186411825,452.86381302489013,525246
2023-03-06,453.01220703125,457.61256524441137,449.40117446357806,450.9841015347257,538671
2023-03-08,447.91717529296875,458.75030292896423,446.43318686019245,451.77553917982266,645986
2023-03-09,441.7339172363281,455.040359742685,440.2993829199733,449.1538598550794,704236
2023-03-10,431.6427917480469,449.3517459690368,429.41680891832937,441.1403245265398,1205611
2023-03-13,401.8641357421875,420.36450933694914,398.99506688505886,409.82819603253466,13269484
2023-03-14,426.7950744628906,431.7417026559974,405.7224504369846,411.0648028471755,12142642
2023-03-15,418.5342102050781,437.18300501548407,413.5381276770961,434.3139666273808,5340688
2023-03-16,409.2345275878906,419.47405356589405,402.4576412030019,418.53418217103444,3489547
2023-03-17,414.03277587890625,419.0288582303458,407.1074964735243,414.5274386935764,3624778
2023-03-20,399.984375,413.9338736373803,396.96694364219115,413.53814938924836,1790040
2023-03-21,404.88153076171875,406.61285068556236,400.6768966609556,401.5178295194729,2179679
2023-03-22,409.28399658203125,411.2626477036426,405.6234799303223,405.6234799303223,1256764
2023-03-23,409.1356201171875,419.86980971087564,406.6128517269976,409.92709877092295,1654842
2023-03-24,406.36553955078125,414.32959952124247,402.40823667018935,409.679786751642,1176131
2023-03-27,410.1744079589844,411.1637335786675,400.67687597166207,407.5032167091112,1343413
2023-03-28,399.88543701171875,409.4818776345505,396.8185214797905,408.59149059413846,1970141
2023-03-29,410.3228454589844,411.5595026182941,400.6769196163681,401.5673067327061,1781834
2023-03-31,409.086181640625,419.9687644654058,407.6021930736094,413.5381473416717,1387772
2023-04-03,415.4673156738281,417.64381397238765,410.37226446113664,411.26268169290734,1074114
2023-04-05,417.24810791015625,419.869814938684,414.6264008816285,416.5061136459414,928669
2023-04-06,418.78155517578125,422.1452866967307,412.74669258168495,417.1986582151277,755991
2023-04-10,414.2801208496094,422.44205755888527,413.4391879987739,421.4527318971549,589290
2023-04-11,418.13848876953125,421.10646578224555,415.5167817799983,416.50610745090313,1076902
2023-04-12,427.4381408691406,436.2926176348308,418.13848566993744,418.53420989700123,2123272
2023-04-13,439.60687255859375,441.14031528799984,426.3993686738353,429.61467713831314,2568253
2023-04-17,454.2983703613281,457.31580164864033,432.9289293513881,439.1616691413679,3113424
2023-04-18,463.1033630371094,465.87346290141045,453.5068917360947,456.22753739246417,3283950
2023-04-19,459.78912353515625,463.8948191916184,452.1713034945303,463.8948191916184,1081397
2023-04-20,472.5514221191406,474.72795077065655,456.07915498923916,456.07915498923916,3508797
2023-04-21,461.37200927734375,472.50192251083473,457.41470679432473,471.75992829526865,1073677
2023-04-24,452.91326904296875,463.0044027173844,448.51078802965986,461.7677456588444,973271
2023-04-25,454.7435302734375,462.0150798599186,452.9132717773838,455.08980029028385,704092
2023-04-26,459.98699951171875,460.9763252186442,451.33039957612107,454.74355514991913,847880
2023-04-27,465.67559814453125,468.34675929942483,457.3157842783971,460.036429831162,703216
2023-04-28,474.8763427734375,484.7695999145508,469.2866585270734,469.88025999390516,2607948
2023-05-02,481.95001220703125,488.72689933947595,477.8443165606617,478.3389794142442,2112246
2023-05-03,484.27490234375,493.3767103378692,477.39907704681855,480.71332398988494,1185103
2023-05-04,492.4368896484375,501.93442284024314,483.2361722952723,497.63084981047524,3966042
2023-05-05,494.9596252441406,506.13902353458127,487.3418356291315,492.18952541901433,2906461
2023-05-08,514.4493408203125,521.7703748239061,497.4329274702961,499.3621245751014,5157621
2023-05-09,516.1312255859375,521.7208795154706,510.6899342800133,515.3892313169479,4720804
2023-05-10,533.642333984375,539.1825340338307,514.053635817142,518.3077848513027,5824799
2023-05-11,541.408447265625,548.2842724232055,532.405608248471,539.4297960193368,6443101
2023-05-12,528.2999267578125,567.8729549793715,524.3426239356565,563.9156521572156,9554296
2023-05-15,540.765380859375,546.1077635694916,518.6539765422209,530.2785530312455,4609617
2023-05-16,537.10498046875,548.5811351571704,535.2252373670499,542.6451805837835,3025986
2023-05-17,527.162109375,538.5393535067017,522.3639044816083,538.5393535067017,2825295
2023-05-18,515.9827880859375,531.9109675097194,514.4493453831593,529.289230346135,2651993
2023-05-19,530.0806884765625,538.935165409492,512.4707034091177,517.5162402351693,4011432
2023-05-22,523.204833984375,536.5112757518552,521.9187227452692,529.2892107473584,2036828
2023-05-23,524.194091796875,538.8856116957601,522.858526525902,527.0631598990999,2501404
2023-05-24,526.2223510742188,533.6917478492504,521.770385533434,524.293153929816,2403036
2023-05-25,522.7102661132812,535.8188330594994,520.1380431678627,527.5085325086939,2665334
2023-05-26,533.39501953125,541.9526513155581,524.392118684647,527.2117333936052,3362864
2023-05-29,530.773193359375,546.7013116347823,529.2892049343254,534.6810416220674,3976323
2023-05-30,527.4094848632812,538.8856987423045,526.3212507914192,538.8856987423045,4055275
2023-05-31,535.7693481445312,567.3288637411796,497.6308525367826,506.43584567849166,81135054
2023-06-01,524.54052734375,541.1611879499429,519.8906842188209,533.2465819104556,5829695
2023-06-02,526.0738525390625,531.3172657908859,522.4627901876427,530.2784860572402,2220700
2023-06-05,523.4027099609375,532.9002721935086,519.4454074599439,528.942969692515,1934956
2023-06-06,522.4133911132812,529.1903079643404,518.3571801505967,526.0244538457441,1404825
2023-06-07,527.2611083984375,528.9429740519502,522.7101742546006,524.2436772932897,1519065
2023-06-08,524.9361572265625,538.1931448751056,522.9080517536702,528.2998885354898,2628912
2023-06-09,529.6354370117188,534.2358252156439,523.4521519976488,527.706300394243,3872644
2023-06-12,523.204833984375,531.7130706116219,521.5230287244297,529.9817507633829,1088532
2023-06-13,523.996337890625,528.4977573772005,522.4628348753316,526.3212289401928,1020347
2023-06-14,504.4076843261719,526.1233640406701,502.5774258511447,526.1233640406701,2256756
2023-06-15,508.9091491699219,513.3611146881452,506.8315290312295,506.8315290312295,1019204
2023-06-16,514.4493408203125,517.3184093744995,508.6122952998544,512.0749350938373,1214715
2023-06-19,516.8732299804688,524.3426270245604,514.5482783285664,516.1806899057818,1182382
2023-06-20,510.2941589355469,519.1980897984986,509.10695607709084,517.0215612886035,816671
2023-06-21,507.3756408691406,519.1980945896645,502.5774355688415,512.4706921745274,1682425
2023-06-22,508.5133972167969,515.4386769454303,506.88098569873154,510.49204856783496,725732
2023-06-23,501.48919677734375,511.38248407738917,499.9062696016635,510.49206678418955,668179
2023-06-26,510.83831787109375,512.470729483333,503.022680813797,503.07213502369655,1286593
2023-06-27,514.3009643554688,516.823793311996,511.03620147388517,514.350478949637,802623
2023-06-28,509.4037780761719,524.1941475613427,507.72191247124636,518.1098313218746,1842935
2023-06-30,513.39013671875,515.4304098562174,505.6771230898798,514.4351783722271,1292014
2023-07-03,512.3948974609375,517.52036382337,511.5987244346463,513.5891873724285,788224
2023-07-04,507.4685363769531,514.3853770869167,506.075218349713,513.887761336327,776522
2023-07-05,513.3403930664062,514.7834908832431,506.6225804739231,508.56329403835133,866807
2023-07-06,521.4515380859375,524.4869819044949,513.3403773508719,513.3403773508719,1385717
2023-07-07,532.7473754882812,537.4249753858311,521.5510218344098,525.4821981550348,3616985
2023-07-10,531.7521362304688,541.256584154682,529.4631161103915,534.6383316497653,2035474
2023-07-11,537.5743408203125,546.1830571979143,535.5838777396028,537.4250317916143,2123513
2023-07-12,540.2614135742188,546.7802287128643,538.3207606795017,539.4652404963717,1847684
2023-07-13,539.8135986328125,548.173506921625,530.4583980837842,543.0978504871357,1612941
2023-07-14,544.6404418945312,549.3677915500799,540.659515868806,545.3868655243547,1312952
2023-07-17,541.8040161132812,548.8203855631012,536.6785499386173,546.5811148401307,1182995
2023-07-18,540.7589721679688,546.3820540344537,534.5387757422578,544.3915911782262,862210
2023-07-19,551.3084716796875,554.5429738792999,541.3064077958611,541.3064077958611,2227259
2023-07-20,560.7135009765625,562.3058472197155,552.3535313397206,553.2492640665663,1854360
2023-07-21,569.3718872070312,578.2294713934899,557.8769761293555,562.3057682225849,2413588
2023-07-24,578.0303955078125,580.4189752089943,563.3009826681381,571.1633351690987,2398697
2023-07-25,591.8641967773438,595.148448642771,583.1559209819856,584.2009019286063,2169996
2023-07-26,594.4517822265625,601.0203467876748,588.1818357204963,593.9541664603015,2446274
2023-07-27,588.7291870117188,602.1150629568544,583.5042215893659,594.7503254924652,1311424
2023-07-28,562.4052734375,602.3638408320569,558.5736566162609,594.0536824432932,3698927
2023-07-31,567.3814697265625,572.5566858201768,553.1496710272071,553.1496710272071,1651725
2023-08-01,564.3460083007812,572.2581108518153,562.4052947325488,572.2581108518153,1037389
2023-08-02,551.9553833007812,566.0379337749816,544.3916479558944,563.3010470622236,1355336
2023-08-03,560.7632446289062,564.7939203699481,546.4318856117409,546.4318856117409,1425261
2023-08-04,555.0903930664062,563.7986690669999,546.4816159224602,562.3058217526124,638424
2023-08-07,553.8960571289062,557.3296178160589,550.6615548826524,555.0903470301907,569876
2023-08-08,553.8463134765625,559.2703371410126,549.8653875935324,555.1401022397256,981629
2023-08-09,551.8558959960938,557.677976281996,550.7113554127938,553.8463591015801,540961
2023-08-10,557.677978515625,559.7680012312247,551.8558982064039,552.3535139847686,724768
2023-08-11,553.0004272460938,557.3296601298143,551.4577697700875,557.3296601298143,1169346
2023-08-14,547.0787353515625,552.3037004176247,532.5981300315829,552.3037004176247,1954468
2023-08-16,551.8558959960938,557.3296695361812,545.4366403320776,547.3773540087494,1074965
2023-08-17,564.19677734375,568.8743169285923,552.4529967217468,552.4529967217468,1689856
2023-08-18,564.14697265625,573.7509812894424,562.3058186097744,566.2867447592241,1444993
2023-08-21,588.082275390625,592.0632011045731,567.3316636602071,567.3316636602071,2154652
2023-08-22,608.4347534179688,613.4109109195277,590.3215887075822,594.0537068337514,3295859
2023-08-23,584.0018310546875,622.9651685108478,578.279249939452,616.3966041755898,3431091
2023-08-24,586.1913452148438,596.8900836886291,584.3003810939264,588.1818081867108,1217431
2023-08-25,583.1558837890625,587.1865590370205,570.4666827251269,587.1865590370205,1151562
2023-08-28,587.5348510742188,591.5655869656092,582.5586939185326,586.5894298099231,582820
2023-08-29,577.1845092773438,590.8689421345163,575.3432945919134,587.5348802283035,1190928
2023-08-30,576.6371459960938,581.6133034149619,570.8647547949193,578.1797426471211,1245028
2023-08-31,592.7598266601562,602.8614501640141,575.2935268809902,579.1749538292968,3932793
2023-09-01,589.4258422851562,596.093905330239,584.9473006384138,594.8996154089525,831685
2023-09-04,580.46875,594.9493556180023,579.3740196898419,593.1579511358765,1018935
2023-09-05,576.1395263671875,590.81919065381,575.2437937401908,587.0372624456983,876543
2023-09-06,572.307861328125,584.200889889519,570.317398330205,581.1654459665131,765700
2023-09-07,580.8668823242188,590.8191972051675,572.7557213986017,575.9404743093272,1182455
2023-09-08,589.0775756835938,590.1723060852636,578.3788365766518,585.6937641335204,745266
2023-09-11,602.41357421875,605.1007112365493,584.6487174381483,591.7148363144854,1645727
2023-09-12,580.8668823242188,607.091207737875,576.2887810325167,604.6031290176378,1654348
2023-09-13,568.874267578125,583.7032403518854,563.3507452274528,581.2151617485099,1863052
2023-09-14,584.2008666992188,591.5656037968179,579.2744588261023,584.2008666992188,934075
2023-09-15,596.3924560546875,598.8805347199136,579.7720784221558,586.8880077023456,1521844
2023-09-18,596.0441284179688,597.1388586945998,584.2008500895502,595.1483958322845,1034472
2023-09-20,600.3236083984375,609.9773653808483,583.0563067083885,590.172235702955,1783825
2023-09-21,588.132080078125,615.0530805995585,582.5089976811479,595.1484501594433,1867914
2023-09-22,577.2839965820312,593.7550651064199,576.2887651214143,593.7550651064199,606387
2023-09-25,566.684814453125,582.9568244354999,564.793850392055,579.8716312243932,1152480
2023-09-26,574.547119140625,582.1109148072527,568.6752898767008,568.8742875766814,878926
2023-09-27,587.5846557617188,590.1722331609035,574.5470876889354,577.1347258322255,623755
2023-09-28,577.0849609375,592.9091660840511,574.2485754603399,591.1675109591714,549407
2023-09-29,580.6180419921875,584.3003496969881,577.2342308241963,580.2199251215628,409420
2023-10-03,582.4094848632812,584.151139985035,573.8504575327682,580.5185207191618,483018
2023-10-04,570.2676391601562,582.2104169436151,569.4217166981382,578.2294910157955,699871
2023-10-05,569.81982421875,577.1348127170947,567.779611645621,574.2486168615659,652691
2023-10-06,566.3861694335938,575.1442544105938,565.291439183521,571.0637691953768,807264
2023-10-09,552.4530029296875,563.3010510010272,547.6759036919289,562.7039363753495,1172173
2023-10-10,551.6070556640625,560.3153312383711,548.8701690549941,555.3391737673376,1008953
2023-10-11,556.9813232421875,565.8885964114918,553.448202885526,556.1850894612385,996464
2023-10-12,557.9267578125,563.2512828146018,554.6425059924254,561.061761353182,475700
2023-10-13,557.4290771484375,559.0214838186341,554.4931931437096,556.2845974965903,357793
2023-10-16,556.9813232421875,560.9124390011056,555.040609703315,557.379379388553,277010
2023-10-17,556.7822265625,560.9622106490052,552.3534346225612,558.8224388118344,594822
2023-10-18,555.936279296875,560.713438986422,548.8701601009254,560.2655726725135,578227
2023-10-19,546.7802124023438,555.538237485632,546.033788774607,552.4529833778541,500130
2023-10-20,537.922607421875,548.4222872403074,533.3445669755023,546.7801917677231,1321108
2023-10-23,506.5231018066406,543.2969191678736,500.50193279761305,541.90357072145,1531268
2023-10-25,510.304931640625,514.5346653499818,485.77248220076683,508.81208444908737,1626925
2023-10-26,543.5457153320312,550.4127763279107,516.4256565923315,517.5203869594089,8247071
2023-10-27,548.5716552734375,560.7134926147863,542.4012073710359,543.5457479778132,1816563
2023-10-30,543.9437255859375,552.5525017478295,539.7637414336656,551.7563287531362,989644
2023-10-31,538.9178466796875,554.393684052323,537.5743084786836,547.4270636889661,1400438
2023-11-01,539.9628295898438,548.3725477799368,538.0719262163784,540.3111970557701,561655
2023-11-02,538.8681030273438,546.1830301895893,537.1761973435814,541.9035469265032,591842
2023-11-03,545.834716796875,547.2778145902216,537.7235559455227,540.908308827089,784444
2023-11-06,553.4979858398438,557.3296025597999,544.5409029415613,549.0194443907025,580483
2023-11-07,561.2608032226562,562.3057841239764,552.4032187857148,556.7325121541965,1020888
2023-11-08,559.9171752929688,565.0426414283138,555.6874417375828,564.9928920058951,498569
2023-11-09,562.6043090820312,563.9479079443119,552.5524960465199,560.1659799563562,721273
2023-11-10,562.5545654296875,565.7393181523697,558.6233891350065,562.3057575723545,736785
2023-11-13,557.2798461914062,570.0187962280394,555.3391327721449,567.2819098210082,738903
2023-11-15,585.4449462890625,590.12254661903,561.5593896193855,566.236989949353,2325445
2023-11-16,576.4381103515625,601.0203411219451,572.8552404217912,589.8737359139537,1868117
2023-11-17,583.006591796875,587.7836907763211,574.3978758976077,577.6323782240391,1018975
2023-11-20,576.4878540039062,589.1770557968277,572.8552346831902,583.6037836207183,487724
2023-11-21,582.7080688476562,595.5465800592805,566.1872495195609,578.179777472556,1656263
2023-11-22,575.39306640625,585.7931860891551,571.5116395933031,584.1510907022198,860263
2023-11-23,573.0045776367188,580.1205076748813,569.2724592413429,576.8860050655555,479014
2023-11-24,565.4407958984375,574.9452444884831,564.2465059604385,573.1538399535394,986656
2023-11-28,555.5880126953125,570.665794972956,552.8511259332666,569.670563423121,1375997
2023-11-29,552.1544189453125,562.0072350018459,548.6213593018053,560.3153293186692,1285471
2023-11-30,555.3391723632812,559.9172129274136,548.8701676672932,552.9505924855803,3660273
2023-12-01,559.4694213867188,563.3010384282061,553.34872326163,560.812959636562,2072845
2023-12-04,559.6683959960938,569.0733455891688,556.3343948505363,562.3057837040304,1681465
2023-12-05,575.990234375,577.1845243315975,559.8674718212103,560.1162796978302,1670248
2023-12-06,569.6206665039062,582.7079836888377,566.386164459519,580.2199051931552,836932
2023-12-07,574.4973754882812,581.7625531897227,570.3173910968422,572.6562215362007,837733
2023-12-08,569.0733642578125,580.518526602472,567.5805169954656,577.234274774131,706183
2023-12-11,567.281982421875,570.2676770662007,563.5498641164679,569.0733870596478,378595
2023-12-12,555.0903930664062,568.9738852390323,551.4080242087613,567.2819794672372,878426
2023-12-13,553.2989501953125,559.9172030518588,549.9648883104883,559.9172030518588,807360
2023-12-14,555.4386596679688,559.5688945702659,552.7017731227162,556.9315068744702,552515
2023-12-15,550.1639404296875,559.9670067837106,545.884457288915,557.3296191099223,1254239
2023-12-18,560.0167236328125,568.0780737140944,550.3132174359599,553.8462767741983,1685214
2023-12-19,557.677978515625,565.0924657620811,556.4339390697133,562.0072722338657,1918653
2023-12-20,535.4345092773438,564.7938364589081,531.7023914152804,561.3105264543158,2182459
2023-12-21,568.67529296875,571.0140626532154,529.0650313998716,535.4345371807057,3442828
2023-12-22,574.2485961914062,578.1300234789064,568.9241317721984,572.2581331196856,1187816
2023-12-26,576.0897216796875,586.9875186060023,573.2533362407235,577.184512761335,962004
2023-12-27,611.5697631835938,622.7163682496758,578.2295075828608,579.2247390933304,10419288
2023-12-28,628.7872314453125,633.81313822677,605.1007345761849,615.0530492896089,7406636
2023-12-29,641.4266967773438,648.5426262448216,630.0810334676569,636.0026729955714,4121670
2024-01-01,642.5712280273438,654.7628136320659,636.5500289905409,642.919534746978,2080698
2024-01-02,638.6400756835938,648.5923908391925,626.995854802721,642.919559051679,1783141
2024-01-03,635.0074462890625,640.779776838994,627.095343716949,640.4314701117133,1062492
2024-01-04,645.4075927734375,666.7553194403625,635.3059692982306,637.1969333433976,3434482
2024-01-05,644.0142822265625,659.6891784215188,641.0783978837478,647.7464003682188,1446002
2024-01-08,635.0571899414062,646.1540453607636,632.4696123631347,644.9100059973428,801005
2024-01-09,634.5098266601562,643.4171606776008,629.1356130406375,638.0428863139723,956631
2024-01-10,611.768798828125,639.9338373756175,608.1361796526885,636.9481429555135,2299073
2024-01-11,603.8069458007812,621.5220538415176,602.1647895754542,614.5554335422532,2528881
2024-01-12,602.4633178710938,608.4845165780835,599.7762416231377,604.4040312955884,1518070
2024-01-15,602.4633178710938,602.4633178710938,602.4633178710938,602.4633178710938,0
2024-01-16,586.8382568359375,596.9398197454699,582.210406232345,595.0986658353697,1419145
2024-01-17,574.3480834960938,585.9425549533241,572.2581216104652,584.6985155585188,1370375
2024-01-18,574.1987915039062,578.478274547436,559.4195681722305,574.248540927089,1231476
2024-01-19,582.1607055664062,584.8478428921286,571.2629079779349,578.8266434374889,1622887
2024-01-23,577.1845092773438,588.6794207285468,568.5259832479837,587.286072358173,1948854
2024-01-24,582.9071044921875,596.1436713567969,575.7414255090266,596.1436713567969,2193213
2024-01-25,582.6085815429688,587.7339876482828,575.7414594574982,582.4592725108052,1029950
2024-01-29,594.4517822265625,596.1436879806723,584.2009095904084,587.1866041879744,1113808
2024-01-30,594.0536499023438,605.498811059077,588.8286850264437,594.5014554392802,1891243
2024-01-31,615.2520751953125,617.1429784443983,590.3215403054493,594.0536581256116,2892565
2024-02-01,626.2493896484375,629.6829502983111,617.0434987398193,619.1832706540598,1660958
2024-02-02,627.3441162109375,637.943355383517,616.2970714839983,626.3986949347496,1737527
2024-02-05,637.9990844726562,644.6833716564586,624.6804414678705,628.8705352950576,1141079
2024-02-06,629.818359375,645.3817835170408,623.5331573275206,633.6094287931694,1086519
2024-02-07,625.9275512695312,635.0061697162517,620.3905280989329,633.5096901332597,567480
2024-02-08,606.1240844726562,628.4715366378028,601.83418863425,628.0225805971992,761555
2024-02-09,617.8963623046875,620.3904948091739,589.3136403384179,605.5753720892876,794470
2024-02-12,592.5560302734375,626.4263628732809,583.6270234625939,625.5284507881134,613057
2024-02-13,582.03076171875,597.7437958521941,579.885783496153,592.5559882773746,544785
2024-02-14,604.8770141601562,612.0601280862494,578.6387518989807,578.6387518989807,1259798
2024-02-15,611.7608642578125,616.0507602071891,606.922210415776,614.7039529424475,566335
2024-02-16,612.459228515625,624.6305469477858,610.0149663776581,614.5542755527912,724514
2024-02-19,613.3570556640625,621.8371062116565,610.6135098986645,616.5495574603617,743984
2024-02-20,638.3482666015625,654.9592139003531,617.1481397235998,618.3952060105388,5326806
2024-02-21,610.8629150390625,640.4932210903133,607.0718458465042,640.4932210903133,1516659
2024-02-22,611.5114135742188,615.5020255418888,604.2784293828167,613.5565900292684,1034652
2024-02-23,647.7261962890625,650.4697419799287,615.8511714477079,641.2913223993769,4777513
2024-02-26,662.5413208007812,668.2778254456477,641.5407377140422,648.474438115349,2873080
2024-02-27,686.4849853515625,693.1692724391802,663.4392260660309,664.4368790375587,4604527
2024-02-28,659.2490844726562,689.8770434839473,653.4627093014975,687.3829110056973,2014512
2024-02-29,687.7320556640625,717.1628184995079,651.5172647601836,652.4650472671638,8128571
2024-03-01,669.7742919921875,694.3664618736407,666.6317216955745,691.7226571663542,1345119
2024-03-04,671.37060546875,692.5707319379087,669.4251699202575,692.5707319379087,1516854
2024-03-05,678.6035766601562,685.3876048206108,669.674570212278,675.4110749105582,1165243
2024-03-06,679.7009887695312,685.0883394217864,661.5936230337165,679.4017050426077,1282712
2024-03-07,682.7438354492188,693.6182779719578,676.9075895058949,678.9028955913949,2177919
2024-03-11,699.7039184570312,713.521449264609,680.9480539334817,688.3805810815114,2312254
2024-03-12,685.3377685546875,706.3383528851073,677.9052412223593,701.7990437278575,1391629
2024-03-13,640.9920654296875,686.4351483179554,602.2332699546322,682.3946657648346,6954030
2024-03-14,637.4005126953125,646.4791304482401,620.5900234625568,627.823007560936,2642690
2024-03-15,640.0941162109375,645.6311388648456,624.929839898543,637.5002428658975,1970945
2024-03-18,661.4938354492188,667.5296241578695,643.4862102704205,643.4862102704205,2360158
2024-03-19,652.2655029296875,662.8406610006911,646.4791278525977,662.4415754538965,1064611
2024-03-20,636.3529663085938,652.0161311928565,629.6188082981035,648.3747341371443,1353887
2024-03-21,677.306640625,686.0859747762115,643.0870942859034,643.3365075339032,3073721
2024-03-22,689.8272094726562,697.0601940418709,672.4680221497772,675.2115680208586,2338126
2024-03-26,697.9580078125,703.0460745993064,683.4920394499295,688.2808225179606,2601520
2024-03-27,679.8506469726562,714.3195458400482,676.4087319546825,701.3500568792653,1814402
2024-03-28,704.2931518554688,710.2291994203204,670.3729496470673,683.9908766455901,1914651
2024-04-01,682.5941772460938,712.3242237041025,681.2972405577866,708.2837413362627,1313357
2024-04-02,676.6082763671875,696.0126393837762,673.4157745907463,687.9814840251316,1237754
2024-04-03,668.9263305664062,687.3829109026904,661.1945198849899,682.4943868892905,1790061
2024-04-04,661.5936279296875,679.0525558683532,660.4463025940976,678.9527540307016,1361499
2024-04-05,661.0448608398438,677.3066536353267,657.652877137034,663.439252423398,1073942
2024-04-08,644.2843017578125,665.4345577507609,640.9920590027943,665.4345577507609,1321109
2024-04-09,642.488525390625,661.7930863852735,641.490872400888,647.8758758919672,1378613
2024-04-10,650.1704711914062,671.6200106555463,643.4861839241998,648.4744489158603,2534713
2024-04-12,678.404052734375,704.4427721663872,658.5507333049441,663.4392574534696,9623414
2024-04-15,664.3870239257812,677.4063833268032,650.4697524728655,660.4961528901166,1527913
2024-04-16,675.8101806640625,686.2855373827318,656.5554286486009,658.4509937449329,1533800
2024-04-18,675.909912109375,689.3782277012224,672.0190410260785,686.3852686808118,1354164
2024-04-19,679.651123046875,686.0859972342876,658.5008667457869,668.3776560466442,1542489
2024-04-22,659.648193359375,679.3518406345181,655.3083661585655,669.4251808415706,1125028
2024-04-23,663.5390014648438,672.2185949462595,652.7144905183978,664.4369135426106,1516622
2024-04-24,665.2349853515625,679.4016696429086,663.4890926615843,666.8811371017323,1410198
2024-04-25,665.8336181640625,672.1188197120614,657.553049779276,664.9357061321033,1254468
2024-04-26,646.1798706054688,669.6745869525741,644.9826748079541,665.8336471979519,1311938
2024-04-29,635.3552856445312,652.6646016466178,631.7138887471483,648.4744468883426,1663062
2024-04-30,623.8822631835938,640.4932095640976,622.5354560249173,637.350578337979,2251053
2024-05-02,606.8224487304688,645.4815032118591,603.2309222192835,645.4815032118591,3894011
2024-05-03,608.8177490234375,619.4427779309577,605.57537674269,613.0079038415543,2226760
2024-05-06,605.2261962890625,617.5471860646074,604.1287414911232,613.5565741998927,796509
2024-05-07,612.8582153320312,615.1029345439772,598.7913326272652,606.5730137169636,1836754
2024-05-08,613.0578002929688,616.6992582885762,604.5777493531962,612.4592328186899,897463
2024-05-09,604.0789184570312,621.5378467361362,599.2901960217158,614.055448902234,1644309
2024-05-10,588.8148193359375,607.969769327645,586.6199705331123,607.0219867887084,1625619
2024-05-13,569.3107299804688,590.1117714473347,563.6739659640645,589.5630744553091,3818228
2024-05-14,578.3394775390625,581.3823071225404,566.5671838846755,570.4579941925639,1646972
2024-05-15,603.131103515625,606.5730185128704,580.0354733096948,584.5747822402503,3613180
2024-05-16,603.6299438476562,611.5114270137833,600.4374420249754,609.1669058961064,1031717
2024-05-17,611.3118896484375,612.5589559267901,596.7461798740426,603.6299491954039,1271390
2024-05-21,635.8042602539062,641.4908946712084,607.1716062760477,611.5613039400479,3302217
2024-05-22,631.6140747070312,646.3793874643782,629.5688982847477,638.1986208833385,1223389
2024-05-23,626.226806640625,640.2438192546516,624.92986990583,632.3124656456905,935640
2024-05-24,628.9204711914062,637.8993481290836,624.4310327225676,626.1769254604493,1399970
2024-05-27,634.8065795898438,639.0964752294783,626.5759424971393,632.2625766668435,956197
2024-05-28,619.4427490234375,642.2390948690168,615.5518781113527,636.5025903323226,783966
2024-05-29,629.2197875976562,631.8136611576359,609.1170543861305,621.9369325482584,1091008
2024-05-30,636.552490234375,643.3864498813874,617.0483860861843,622.5354776358594,1758146
2024-05-31,649.5718383789062,655.4580153852471,615.1528101737449,638.4979145305299,6813576
2024-06-03,657.00439453125,674.4134521839056,654.2608486828688,673.4157991481306,1400844
2024-06-04,632.01318359375,658.4011179600632,603.5800727296271,657.4533354195441,2563435
2024-06-05,659.8477172851562,663.4891141929949,612.6586817625699,633.5096537791502,1555292
2024-06-06,655.4580078125,671.370585020728,650.4697429128614,663.239688877555,698455
2024-06-07,662.8905639648438,664.3870435008204,648.5742065355221,653.4627307098092,843536
2024-06-10,658.6505126953125,670.5225466784233,656.8547495011846,668.4274997672584,865101
2024-06-11,649.7713623046875,664.4368730319723,647.2772298984113,662.1921538663237,506267
2024-06-12,660.7954711914062,666.7813894722079,652.9639191307879,652.9639191307879,1327291
2024-06-13,650.3699951171875,663.0401391152105,649.4720830879537,658.8500453571992,996441
2024-06-14,648.2999877929688,654.9000244140625,640.1500244140625,652.0,1704350
2024-06-18,641.2999877929688,662.0,637.6500244140625,654.0,1549934
2024-06-19,642.9000244140625,664.2999877929688,641.0,653.0,2423762
2024-06-20,637.7000122070312,644.0999755859375,633.0999755859375,642.9000244140625,968158
2024-06-21,629.0499877929688,643.1500244140625,626.5,639.9000244140625,1369141
2024-06-24,637.5499877929688,640.9000244140625,625.0999755859375,629.0499877929688,616902
2024-06-25,633.9000244140625,639.0999755859375,629.0,637.5499877929688,441400
2024-06-26,640.0999755859375,648.0,629.0499877929688,633.9000244140625,926986
2024-06-27,647.3499755859375,651.9000244140625,640.25,650.0,1142754
2024-06-28,641.0,649.0,636.2000122070312,649.0,717115
2024-07-01,669.5999755859375,672.0,641.8499755859375,644.75,2073935
2024-07-02,670.9500122070312,684.2999877929688,667.0,672.5,1591881
2024-07-03,670.7999877929688,683.9000244140625,661.5,673.0,942172
2024-07-04,666.9000244140625,678.9000244140625,660.0,671.0499877929688,769961
2024-07-05,656.9000244140625,666.9000244140625,652.9000244140625,666.9000244140625,1169183
2024-07-08,675.0499877929688,681.9000244140625,656.0,656.4500122070312,1506819
2024-07-09,680.1500244140625,690.0,676.5499877929688,676.9000244140625,1670930
2024-07-10,689.9500122070312,692.9000244140625,662.6500244140625,680.1500244140625,1838313
2024-07-11,719.9000244140625,744.2999877929688,692.0,692.9000244140625,11050793
2024-07-12,724.4000244140625,738.25,715.5499877929688,720.0,2612054
2024-07-15,725.4500122070312,764.5,712.0499877929688,731.5999755859375,3439391
2024-07-16,714.1500244140625,731.0999755859375,708.5,727.5999755859375,792233
2024-07-18,711.5,721.9000244140625,701.75,710.0,1328438
2024-07-19,693.5,711.0,682.0,711.0,1129597
2024-07-22,708.0,710.0,678.0,686.9500122070312,1191022
2024-07-23,698.0499877929688,710.5,681.7000122070312,708.0,1200719
2024-07-24,687.4500122070312,705.0,686.0,703.0,487844
2024-07-25,697.9000244140625,718.0,688.75,699.0,3355349
2024-07-26,690.25,715.2999877929688,688.0,704.8499755859375,1069519
2024-07-29,685.0499877929688,696.2999877929688,680.0499877929688,695.8499755859375,1145859
2024-07-30,679.0,703.0,676.1500244140625,693.0499877929688,1868439
2024-07-31,679.25,683.4500122070312,666.6500244140625,682.7000122070312,1659742
2024-08-01,672.5499877929688,683.0999755859375,668.25,679.0,792866
2024-08-02,689.2000122070312,693.0,663.4000244140625,664.9000244140625,1217493
2024-08-05,658.3499755859375,676.75,647.5999755859375,671.0,3095537
2024-08-06,651.3499755859375,674.7999877929688,648.5999755859375,655.5499877929688,721444
2024-08-07,655.6500244140625,669.4500122070312,650.0499877929688,669.4500122070312,528032
2024-08-08,655.2999877929688,667.8499755859375,648.7000122070312,657.4000244140625,1150238
2024-08-09,678.7999877929688,689.0,662.25,663.4000244140625,2076432
2024-08-12,665.6500244140625,677.3499755859375,660.0999755859375,670.0999755859375,1234517
2024-08-13,659.5,675.2000122070312,657.0999755859375,665.0,721791
2024-08-14,652.3499755859375,667.75,643.75,665.4500122070312,1816896
2024-08-16,686.7000122070312,691.2999877929688,656.4000244140625,656.7000122070312,1924721
2024-08-19,690.4000244140625,695.5999755859375,679.0,693.9000244140625,553062
2024-08-20,699.5999755859375,702.2000122070312,681.5999755859375,694.75,666703
2024-08-21,681.9500122070312,701.75,680.2000122070312,700.0,980338
2024-08-22,689.9500122070312,695.4500122070312,684.2999877929688,684.9000244140625,783372
2024-08-23,695.3499755859375,700.25,685.2999877929688,689.8499755859375,740655
2024-08-26,715.7000122070312,719.5,690.1500244140625,695.6500244140625,1494572
2024-08-27,707.4500122070312,736.9000244140625,696.2999877929688,719.2999877929688,2966671
2024-08-28,700.0999755859375,717.9500122070312,697.0,705.0,1089403
2024-08-29,689.1500244140625,722.2999877929688,686.0,700.1500244140625,1577836
2024-08-30,683.3499755859375,698.7000122070312,678.0,691.9500122070312,2415730
2024-09-02,715.0499877929688,729.9000244140625,682.5,685.0,5417373
2024-09-03,710.7999877929688,736.5,707.0,722.0,2659537
2024-09-04,722.4000244140625,732.5999755859375,701.5,703.3499755859375,2386638
2024-09-05,733.8499755859375,752.4000244140625,721.7000122070312,750.0,5450342
2024-09-06,718.9000244140625,737.8499755859375,716.0,737.8499755859375,2095248
2024-09-09,700.1500244140625,714.9000244140625,685.5999755859375,714.9000244140625,1527955
2024-09-10,713.4000244140625,725.7999877929688,703.9000244140625,707.2000122070312,2571346
2024-09-11,725.4000244140625,738.3499755859375,715.5999755859375,719.9500122070312,2358392
2024-09-12,726.0499877929688,737.7999877929688,718.9000244140625,719.0,1373502
2024-09-13,724.25,746.0,721.7000122070312,731.8499755859375,1394286
2024-09-16,733.6500244140625,737.5,725.0,730.0,684524
2024-09-17,745.4000244140625,758.6500244140625,735.9500122070312,738.0,3270902
2024-09-18,717.5499877929688,750.7000122070312,711.2000122070312,742.0,2317400
2024-09-19,728.5,738.7999877929688,698.0,723.2999877929688,1576534
2024-09-20,748.3499755859375,759.4500122070312,725.0499877929688,732.0,5302786
2024-09-23,750.2000122070312,768.6500244140625,743.75,763.3499755859375,1628786
2024-09-24,735.9000244140625,753.9500122070312,734.0499877929688,749.0,943870
2024-09-25,730.0499877929688,736.4500122070312,714.0499877929688,735.0,2492409
2024-09-26,744.0999755859375,755.4500122070312,730.0,742.9500122070312,4039878
2024-09-27,735.4500122070312,743.9500122070312,730.8499755859375,743.9500122070312,1177716
2024-09-30,743.4000244140625,746.2999877929688,728.6500244140625,734.0,864479
2024-10-01,731.0499877929688,745.7000122070312,728.1500244140625,742.0,1344430
2024-10-03,706.5999755859375,722.6500244140625,703.0,716.25,1381904
2024-10-04,696.7999877929688,711.0,686.5499877929688,711.0,1983326
2024-10-07,675.4500122070312,694.5,664.2999877929688,694.0,3099047
2024-10-08,673.4500122070312,680.9500122070312,666.1500244140625,668.5999755859375,1549976
2024-10-09,673.0999755859375,694.0,670.5999755859375,682.0,1574020
2024-10-10,670.7999877929688,682.0,665.0,675.0,2571951
2024-10-11,665.0999755859375,677.0,661.5,675.0,761195
2024-10-14,660.0999755859375,668.25,656.5999755859375,666.6500244140625,1692063
2024-10-15,656.7999877929688,669.9500122070312,655.2000122070312,665.9500122070312,1137736
2024-10-16,662.5499877929688,666.5499877929688,652.9000244140625,659.0,1224255
2024-10-17,648.5999755859375,665.4000244140625,643.2000122070312,663.5499877929688,2594238
2024-10-18,637.2999877929688,653.7000122070312,635.0,648.5999755859375,1557380
2024-10-21,633.5499877929688,639.0,626.8499755859375,637.2999877929688,2147746
2024-10-22,635.3499755859375,649.7000122070312,632.0499877929688,639.0,3989483
2024-10-23,644.0999755859375,654.7000122070312,629.0499877929688,630.1500244140625,1610895
2024-10-24,729.4500122070312,744.9000244140625,663.75,664.0,27594688
2024-10-25,699.25,732.2999877929688,695.0,727.5,2648854
2024-10-28,690.8499755859375,709.7999877929688,684.0499877929688,699.25,4605722
2024-10-29,686.2000122070312,703.2999877929688,670.5499877929688,691.7999877929688,1177278
2024-10-30,685.25,692.6500244140625,679.0,682.0,2147148
2024-10-31,685.7000122070312,691.0,669.7999877929688,683.0,984886
2024-11-01,697.2000122070312,720.0,686.4500122070312,686.4500122070312,321861
2024-11-04,688.9000244140625,700.8499755859375,680.4500122070312,700.8499755859375,696834
2024-11-05,688.9000244140625,697.75,675.25,687.7999877929688,1178166
2024-11-06,709.3499755859375,716.5499877929688,690.0,692.0,1939077
2024-11-07,704.6500244140625,720.9000244140625,703.2999877929688,709.7000122070312,955455
2024-11-08,704.0,709.9000244140625,698.25,707.7999877929688,1522921
2024-11-11,699.2000122070312,714.5999755859375,690.0,701.0,730090
2024-11-12,684.0499877929688,707.7999877929688,679.0999755859375,699.2000122070312,892443
2024-11-13,665.9500122070312,680.5499877929688,662.1500244140625,680.0,980137
2024-11-14,668.6500244140625,682.9500122070312,660.5499877929688,678.7000122070312,756869
2024-11-18,667.75,679.0,658.6500244140625,679.0,943201
2024-11-19,680.4000244140625,696.5999755859375,667.9500122070312,667.9500122070312,1167001
2024-11-21,683.9000244140625,694.8499755859375,674.0,680.4000244140625,1491622
2024-11-22,685.7000122070312,691.0,675.0,683.9000244140625,760433
2024-11-25,672.5,701.0,667.0,694.0,2637722
2024-11-26,675.8499755859375,690.4000244140625,672.2999877929688,672.5,1043903
2024-11-27,673.7999877929688,683.7999877929688,668.2999877929688,683.7999877929688,673597
2024-11-28,664.7000122070312,679.0,663.2000122070312,675.7000122070312,718669
2024-11-29,671.5999755859375,674.4500122070312,658.1500244140625,666.0,1776675
2024-12-02,676.0499877929688,685.0,668.0,671.0,1089452
2024-12-03,672.7000122070312,680.7000122070312,670.0,680.7000122070312,671497
2024-12-04,689.1500244140625,697.4500122070312,671.2000122070312,673.0,1860493
2024-12-05,675.0,692.7000122070312,667.2999877929688,692.7000122070312,1369054
2024-12-06,669.0,678.4000244140625,667.0999755859375,678.4000244140625,659081
2024-12-09,659.6500244140625,675.9500122070312,658.5999755859375,669.0,1236327
2024-12-10,645.5499877929688,660.5,638.0,660.5,1789953
2024-12-11,641.75,649.0499877929688,640.25,646.5,857593
2024-12-12,635.4000244140625,645.3499755859375,632.0,643.7999877929688,1489548
2024-12-13,631.7999877929688,639.5,626.0999755859375,635.0,896237
2024-12-16,631.6500244140625,634.0499877929688,618.2000122070312,631.9000244140625,2255182
2024-12-17,621.4000244140625,640.0999755859375,617.2999877929688,632.4000244140625,3150407
2024-12-18,611.1500244140625,622.7999877929688,601.4500122070312,617.7999877929688,3565082
2024-12-19,609.5999755859375,617.4500122070312,598.0,602.5,1964594
2024-12-20,588.4500122070312,614.4500122070312,586.5499877929688,609.5999755859375,1590527
2024-12-23,584.1500244140625,593.9500122070312,580.8499755859375,590.5499877929688,1077200
2024-12-24,594.9500122070312,597.4000244140625,581.0499877929688,584.1500244140625,1606488
2024-12-26,593.5499877929688,599.25,587.25,595.0,1481714
2024-12-27,600.3499755859375,601.9000244140625,589.2999877929688,592.0,876891
2024-12-30,599.25,601.0,593.6500244140625,600.5,1822923
2024-12-31,594.7999877929688,598.5999755859375,584.7000122070312,597.0,1548728
2025-01-01,591.6500244140625,601.5499877929688,588.4000244140625,596.7999877929688,453009
2025-01-02,597.4500122070312,599.0,587.0,593.75,1969381
2025-01-03,591.0999755859375,607.2999877929688,587.5499877929688,598.0,1521275
2025-01-06,581.5499877929688,595.1500244140625,578.2999877929688,590.0,1661234
2025-01-07,584.4500122070312,587.7999877929688,575.0499877929688,578.0999755859375,787355
2025-01-08,573.1500244140625,587.3499755859375,571.6500244140625,585.4500122070312,1581135
2025-01-09,565.75,574.9500122070312,560.0,573.1500244140625,1288063
2025-01-10,569.5499877929688,573.75,558.5499877929688,563.9500122070312,1772445
2025-01-13,561.9000244140625,571.7000122070312,556.25,557.0,2884183
2025-01-14,569.9000244140625,577.5,561.0499877929688,561.8499755859375,1130150
2025-01-15,570.9500122070312,575.0,561.4000244140625,571.0,930485
2025-01-16,582.7000122070312,585.3499755859375,573.0499877929688,574.0,1564624
2025-01-17,574.75,588.9500122070312,572.4500122070312,584.7999877929688,1546189
2025-01-20,566.2999877929688,579.9500122070312,558.6500244140625,578.5499877929688,1942954
2025-01-21,556.4000244140625,573.8499755859375,554.4500122070312,568.9000244140625,2016643
2025-01-22,531.3499755859375,557.0499877929688,528.6500244140625,555.0999755859375,3786430
